Stock,Date,Runtime,Tvalue,Tvol,qtyDiff,cur_trd_qty,cur_dly,LTP,Open,High,Low,VWAP,PrChgP,PrChg
3MINDIA,27-FEB-2026 10:00:00,10:11:36,1.32,0.0,-329.0,329,239,36480.0,36340.0,36595.0,36175.0,36320.94,0.06857769853243725,25.0
AADHARHFC,27-FEB-2026 10:00:00,10:11:36,4.3,0.92,-85911.08,85912,41012,468.3,475.05,475.05,462.5,466.87,-1.4520202020201973,-6.899999999999977
AARTIDRUGS,27-FEB-2026 10:00:00,10:11:36,0.42,0.11,-10111.89,10112,6639,369.6,370.0,371.0,368.4,369.36,0.05414185165133879,0.20000000000004547
AARTIIND,27-FEB-2026 10:00:00,10:11:36,9.22,2.02,-191476.98,191479,81584,451.95,457.5,462.95,450.8,457.26,-0.8229098090849244,-3.75
AARTIPHARM,27-FEB-2026 10:00:00,10:11:36,1.5,0.21,-18933.79,18934,9684,716.5,718.25,720.0,712.45,715.49,-0.44462970682229336,-3.2000000000000455
AAVAS,27-FEB-2026 10:00:00,10:11:36,2.87,0.23,-21582.77,21583,11519,1282.2,1291.3,1291.3,1263.2,1275.17,-0.70471617749554,-9.099999999999909
ABBOTINDIA,27-FEB-2026 10:00:00,10:11:36,1.85,0.01,-649.99,650,433,26215.0,26410.0,26410.0,26075.0,26218.11,-0.5312084993359893,-140.0
ABDL,27-FEB-2026 10:00:00,10:11:36,2.13,0.44,-41221.56,41222,26088,478.75,485.1,485.1,477.2,481.44,-1.7948717948717947,-8.75
ABFRL,27-FEB-2026 10:00:00,10:11:36,3.76,5.54,-457638.46,457644,247117,67.8,68.55,68.55,67.57,67.94,-1.0940919037199124,-0.75
ABLBL,27-FEB-2026 10:00:00,10:11:37,1.86,1.81,-127167.19,127169,96349,103.23,103.0,103.65,102.39,102.76,0.32069970845480883,0.3299999999999983
ABREL,27-FEB-2026 10:00:00,10:11:37,5.14,0.4,-29608.6,29609,14126,1310.5,1291.3,1310.5,1274.6,1295.66,1.4868736931774218,19.200000000000045
ABSLAMC,27-FEB-2026 10:00:00,10:11:37,4.45,0.49,-36387.51,36388,23186,905.9,912.85,917.75,898.0,904.29,-0.761351810264561,-6.9500000000000455
ACC,27-FEB-2026 10:00:00,10:11:38,5.15,0.32,-29064.68,29065,21624,1594.6,1614.0,1617.2,1593.2,1601.94,-1.1468600830698654,-18.5
ACE,27-FEB-2026 10:00:00,10:11:38,2.53,0.29,-25848.71,25849,18651,881.7,894.25,894.3,877.15,883.81,-1.4034106793402241,-12.549999999999955
ACI,27-FEB-2026 10:00:00,10:11:38,2.48,0.42,-40000.58,40001,24289,586.15,594.0,594.0,582.4,587.31,-1.6526845637583931,-9.850000000000023
ACMESOLAR,27-FEB-2026 10:00:00,10:11:38,2.28,0.98,-93137.02,93138,53941,234.03,234.99,235.08,231.47,233.06,-0.37885237527668414,-0.8899999999999864
ACUTAAS,27-FEB-2026 10:00:00,10:11:38,7.85,0.36,-29771.64,29772,16616,2170.8,2170.0,2191.9,2165.0,2176.91,-0.6544322914282975,-14.299999999999727
ADANIPOWER,27-FEB-2026 10:00:00,10:11:38,32.28,22.98,-2027024.02,2027047,1126051,140.67,141.0,141.2,139.82,140.48,-0.4740342436677628,-0.6700000000000159
ADVENZYMES,27-FEB-2026 10:00:00,10:11:39,0.36,0.12,-10149.88,10150,7796,299.35,300.4,301.9,297.2,298.73,-0.3495339547270155,-1.0499999999999545
AEGISLOG,27-FEB-2026 10:00:00,10:11:39,3.87,0.56,-52723.44,52724,27142,691.55,695.0,697.9,689.3,692.64,-1.0304114490161067,-7.2000000000000455
AEGISVOPAK,27-FEB-2026 10:00:00,10:11:39,1.78,0.77,-75688.23,75689,26553,230.62,230.01,232.84,228.66,230.45,-1.6042324430412112,-3.759999999999991
AETHER,27-FEB-2026 10:00:00,10:11:39,2.53,0.27,-25314.73,25315,15990,953.4,964.9,966.6,941.0,948.54,-0.8321198252548367,-8.0
AFCONS,27-FEB-2026 10:00:00,10:11:39,5.67,1.94,-165825.06,165827,113149,291.15,295.9,296.85,290.65,292.75,-2.0026926960619473,-5.9500000000000455
AFFLE,27-FEB-2026 10:00:00,10:11:39,22.01,1.63,-148009.37,148011,73564,1347.7,1330.0,1373.6,1321.1,1348.93,1.3613116726835242,18.100000000000136
AGARWALEYE,27-FEB-2026 10:00:00,10:11:39,0.63,0.14,-11583.86,11584,7196,450.3,447.0,451.2,444.2,448.02,0.5358338914936446,2.400000000000034
AGI,27-FEB-2026 10:00:00,10:11:39,3.36,0.62,-53967.38,53968,37078,542.95,554.5,554.55,541.65,546.7,-2.241627655743596,-12.449999999999932
AHLUCONT,27-FEB-2026 10:00:00,10:11:39,2.07,0.28,-16481.72,16482,11347,751.75,759.85,759.85,745.1,749.39,-1.1375591793792712,-8.649999999999977
AIAENG,27-FEB-2026 10:00:00,10:11:40,1.34,0.03,-3099.97,3100,2667,3864.8,3921.9,3933.7,3860.0,3879.44,-1.4408486981358222,-56.5
AIIL,27-FEB-2026 10:00:00,10:11:40,10.05,2.07,-164173.93,164176,134909,485.35,490.0,490.2,480.6,485.41,-0.9388713133993195,-4.599999999999966
AJANTPHARM,27-FEB-2026 10:00:00,10:11:40,5.21,0.17,-15560.83,15561,9007,3015.0,3005.2,3028.9,2975.0,3009.73,1.211856725636977,36.09999999999991
AJAXENGG,27-FEB-2026 10:00:00,10:11:40,0.83,0.17,-12972.83,12973,9939,482.2,488.9,491.95,477.3,482.17,-1.3704233994681916,-6.699999999999989
AKUMS,27-FEB-2026 10:00:00,10:11:40,0.94,0.2,-16385.8,16386,10607,482.1,481.1,482.5,477.2,479.77,-0.031104199066869315,-0.14999999999997726
AKZOINDIA,27-FEB-2026 10:00:00,10:11:40,1.19,0.04,-3164.96,3165,2003,2987.1,3008.5,3029.9,2962.1,2993.04,-1.3670133729569123,-41.40000000000009
ALIVUS,27-FEB-2026 10:00:00,10:11:40,0.35,0.04,-2742.96,2743,1681,913.55,906.45,917.3,906.45,912.68,-0.70648334329656,-6.5
ALKYLAMINE,27-FEB-2026 10:00:00,10:11:41,0.3,0.02,-1843.98,1844,1370,1480.7,1478.0,1491.1,1478.0,1480.37,-0.7174466943811214,-10.700000000000045
ALLCARGO,27-FEB-2026 10:00:00,10:11:41,0.76,8.98,-854163.02,854172,571671,8.48,8.52,8.56,8.43,8.46,-0.8187134502924008,-0.07000000000000028
ALOKINDS,27-FEB-2026 10:00:00,10:11:41,1.27,8.8,-846646.2,846655,769198,14.43,14.5,14.54,14.38,14.44,-0.48275862068965714,-0.07000000000000028
ANANDRATHI,27-FEB-2026 10:00:00,10:11:41,10.15,0.33,-29301.67,29302,26192,3061.0,3061.0,3078.5,3032.8,3053.0,-0.39373922098206726,-12.099999999999909
ANANTRAJ,27-FEB-2026 10:00:00,10:11:42,12.78,2.39,-216524.61,216527,141620,532.2,534.5,537.9,531.3,534.1,-0.6904273185295637,-3.699999999999932
ANUP,27-FEB-2026 10:00:00,10:11:42,3.68,0.23,-20248.77,20249,13212,1577.9,1620.0,1620.0,1575.0,1585.62,-2.1942602119878427,-35.399999999999864
ANURAS,27-FEB-2026 10:00:00,10:11:42,1.27,0.1,-8386.9,8387,4807,1247.9,1252.0,1253.6,1246.0,1248.48,-0.30358712151473627,-3.7999999999999545
APARINDS,27-FEB-2026 10:00:00,10:11:42,36.5,0.33,-31342.67,31343,14698,10960.0,10810.0,11078.0,10753.0,10975.87,1.415749051540668,153.0
APLLTD,27-FEB-2026 10:00:00,10:11:42,1.31,0.18,-15681.82,15682,9636,729.45,733.2,735.8,724.15,731.34,-0.020559210526312672,-0.14999999999997726
APOLLOTYRE,27-FEB-2026 10:00:00,10:11:42,6.53,1.42,-95699.58,95701,59618,458.0,456.0,462.95,456.0,459.84,-0.6184224801996361,-2.8500000000000227
APTUS,27-FEB-2026 10:00:00,10:11:42,3.2,1.3,-97583.7,97585,50724,248.0,245.45,248.2,244.6,246.16,0.9361009361009408,2.3000000000000114
ARE&M,27-FEB-2026 10:00:00,10:11:42,3.28,0.39,-31855.61,31856,21607,844.0,851.0,853.55,842.6,845.84,-1.136230525945888,-9.700000000000045
ARVIND,27-FEB-2026 10:00:00,10:11:43,1.67,0.47,-37808.53,37809,22658,354.9,355.0,357.6,353.1,354.98,0.48131370328425505,1.6999999999999886
ARVINDFASN,27-FEB-2026 10:00:00,10:11:43,2.26,0.52,-45583.48,45584,25878,434.35,437.05,440.6,428.3,434.13,-0.4811547714514757,-2.099999999999966
ASAHIINDIA,27-FEB-2026 10:00:00,10:11:43,0.45,0.05,-3827.95,3828,2694,931.2,935.0,939.0,929.7,933.74,-0.8095440988495856,-7.599999999999909
ASHOKA,27-FEB-2026 10:00:00,10:11:43,5.53,4.06,-351707.94,351712,258285,135.18,138.71,138.72,135.0,136.02,-2.544877802609762,-3.530000000000001
ASKAUTOLTD,27-FEB-2026 10:00:00,10:11:43,2.81,0.68,-55563.32,55564,41242,412.1,424.3,424.3,411.65,415.71,-2.8753240631628536,-12.199999999999989
ASTERDM,27-FEB-2026 10:00:00,10:11:43,5.96,0.92,-87351.08,87352,50966,647.55,649.0,649.0,643.8,645.93,-0.29255523904843955,-1.900000000000091
ASTRAMICRO,27-FEB-2026 10:00:00,10:11:43,11.77,1.18,-111386.82,111388,66109,995.4,999.8,1004.45,988.65,994.62,0.4135983052557271,4.100000000000023
ASTRAZEN,27-FEB-2026 10:00:00,10:11:43,0.14,0.0,-144.0,144,113,8836.5,8805.0,8858.5,8805.0,8823.32,-0.14125889931065658,-12.5
ATGL,27-FEB-2026 10:00:00,10:11:44,2.75,0.54,-47470.46,47471,29670,514.5,516.1,517.6,512.0,514.76,-0.31001743848091895,-1.6000000000000227
ATHERENERG,27-FEB-2026 10:00:00,10:11:44,13.57,1.96,-188664.04,188666,114816,692.6,698.85,698.85,688.4,691.76,-1.0995287733828263,-7.699999999999932
ATUL,27-FEB-2026 10:00:00,10:11:44,1.12,0.02,-1187.98,1188,723,6593.0,6549.5,6595.0,6475.0,6545.96,0.9879757984223022,64.5
AURIONPRO,27-FEB-2026 10:00:00,10:11:44,6.9,0.8,-72960.2,72961,28437,861.65,864.65,868.0,849.5,858.01,-0.346961198172671,-3.0
AVALON,27-FEB-2026 10:00:00,10:11:45,3.79,0.37,-35236.63,35237,17503,1026.25,1024.5,1038.5,1013.0,1027.46,0.1708150317227916,1.75
AVANTIFEED,27-FEB-2026 10:00:00,10:11:45,18.41,1.37,-122684.63,122686,61105,1345.6,1334.0,1351.9,1320.1,1342.16,0.7524989704616042,10.049999999999955
AWFIS,27-FEB-2026 10:00:00,10:11:45,1.08,0.37,-30810.63,30811,21847,294.95,299.75,299.75,292.05,294.44,-0.8071296451992717,-2.400000000000034
AWL,27-FEB-2026 10:00:00,10:11:45,6.19,3.28,-280046.72,280050,180550,189.31,188.8,190.0,188.1,188.92,-0.052795522939651715,-0.09999999999999432
AZAD,27-FEB-2026 10:00:00,10:11:45,6.47,0.38,-35166.62,35167,25795,1712.6,1744.5,1744.5,1707.2,1716.1,-1.0801132097267974,-18.700000000000045
BAJAJELEC,27-FEB-2026 10:00:00,10:11:45,0.42,0.11,-10676.89,10677,8014,370.65,372.6,374.0,369.4,371.02,-0.5233494363929269,-1.9500000000000455
BAJAJHFL,27-FEB-2026 10:00:00,10:11:45,9.15,10.52,-874844.48,874855,625511,86.84,87.57,87.65,86.71,86.95,-0.8336188192303183,-0.7299999999999898
BAJAJHLDNG,27-FEB-2026 10:00:00,10:11:45,16.53,0.15,-13836.85,13837,8432,10848.0,10980.0,11060.0,10781.0,10883.56,-0.9405533741210849,-103.0
BALAMINES,27-FEB-2026 10:00:00,10:11:46,0.76,0.07,-6226.93,6227,3588,1088.4,1085.0,1091.8,1079.9,1084.64,-0.018372221201526557,-0.1999999999998181
BALKRISIND,27-FEB-2026 10:00:00,10:11:46,3.35,0.14,-11593.86,11594,8748,2422.7,2464.8,2464.8,2420.1,2432.51,-1.6122482131254172,-39.70000000000027
BALRAMCHIN,27-FEB-2026 10:00:00,10:11:46,3.48,0.75,-68060.25,68061,37475,465.1,464.1,465.75,460.2,463.05,0.8237589421200978,3.8000000000000114
BALUFORGE,27-FEB-2026 10:00:00,10:11:46,71.47,14.26,-1382283.74,1382298,715283,497.75,504.7,511.35,493.6,501.33,1.7061708214139812,8.350000000000023
BANCOINDIA,27-FEB-2026 10:00:00,10:11:46,15.53,2.47,-232898.53,232901,62900,625.0,629.0,640.35,617.1,629.17,-0.9900990099009901,-6.25
BASF,27-FEB-2026 10:00:00,10:11:46,1.37,0.04,-3410.96,3411,2511,3512.0,3529.4,3537.3,3484.5,3500.85,-0.4930016433388137,-17.40000000000009
BATAINDIA,27-FEB-2026 10:00:00,10:11:46,1.17,0.15,-13231.85,13232,8163,796.7,794.65,800.45,794.15,796.59,0.2579752092116112,2.050000000000068
BAYERCROP,27-FEB-2026 10:00:00,10:11:47,0.53,0.01,-843.99,844,642,4674.0,4653.0,4697.3,4653.0,4670.86,0.13711543405603813,6.399999999999636
BBL,27-FEB-2026 10:00:00,10:11:47,0.65,0.03,-2097.97,2098,1539,2437.1,2428.0,2455.0,2417.0,2431.62,0.3045643495081735,7.400000000000091
BBTC,27-FEB-2026 10:00:00,10:11:47,1.64,0.1,-8270.9,8271,7063,1691.7,1725.0,1725.1,1690.0,1698.82,-1.9304347826086932,-33.299999999999955
BECTORFOOD,27-FEB-2026 10:00:00,10:11:47,2.16,1.03,-75407.97,75409,54904,207.74,212.89,213.11,207.25,208.96,-1.990941687110775,-4.219999999999999
BELRISE,27-FEB-2026 10:00:00,10:11:50,16.1,8.62,-750764.38,750773,383907,187.35,185.31,187.95,184.59,186.67,1.0572307028426604,1.960000000000008
BEML,27-FEB-2026 10:00:00,10:11:47,12.08,0.72,-59251.28,59252,44716,1655.3,1708.7,1708.7,1650.4,1672.46,-3.142188414277358,-53.700000000000045
BERGEPAINT,27-FEB-2026 10:00:00,10:11:47,1.18,0.26,-19853.74,19854,13523,457.25,459.25,460.95,455.7,457.62,-0.43549265106151336,-2.0
BHARTIHEXA,27-FEB-2026 10:00:00,10:11:47,2.45,0.15,-14625.85,14626,10109,1635.3,1666.7,1666.7,1635.0,1642.22,-1.3988543864938223,-23.200000000000045
BIKAJI,27-FEB-2026 10:00:00,10:11:48,2.69,0.43,-37588.57,37589,23922,633.75,628.0,635.25,625.6,630.53,0.41990175883377867,2.6499999999999773
BIRLACORPN,27-FEB-2026 10:00:00,10:11:48,1.49,0.15,-11280.85,11281,7516,976.2,988.9,994.0,973.8,978.21,-1.2842552330872619,-12.699999999999932
BLACKBUCK,27-FEB-2026 10:00:00,10:11:49,3.51,0.6,-57478.4,57479,33575,581.35,580.45,585.15,570.1,581.43,0.09469696969698145,0.5500000000000682
BLS,27-FEB-2026 10:00:00,10:11:48,7.22,2.6,-232954.4,232957,113689,278.85,279.5,280.0,276.3,278.08,-0.14324082363472776,-0.39999999999997726
BLUEDART,27-FEB-2026 10:00:00,10:11:49,1.76,0.03,-3021.97,3022,1456,5642.0,5650.0,5695.0,5602.5,5657.1,0.534568781183179,30.0
BLUEJET,27-FEB-2026 10:00:00,10:11:49,7.3,1.83,-148264.17,148266,77512,403.1,400.05,410.4,392.7,398.73,1.2559658377292136,5.0
BORORENEW,27-FEB-2026 10:00:00,10:11:49,1.77,0.38,-36851.62,36852,23959,463.8,457.1,466.05,457.1,462.66,-0.3116603976356773,-1.4499999999999886
BRIGADE,27-FEB-2026 10:00:00,10:11:49,11.91,1.67,-160208.33,160210,93883,708.65,722.5,728.4,705.7,714.03,-1.047266634085038,-7.5
BSOFT,27-FEB-2026 10:00:00,10:11:49,46.04,11.71,-1120243.29,1120255,460356,391.4,386.0,397.5,385.9,393.05,1.9934853420195382,7.649999999999977
CAMPUS,27-FEB-2026 10:00:00,10:11:49,0.71,0.27,-26718.73,26719,15363,258.6,260.15,260.4,258.25,259.06,-0.7864953002109937,-2.0499999999999545
CANFINHOME,27-FEB-2026 10:00:00,10:11:50,2.51,0.29,-27476.71,27477,23173,875.55,887.0,887.1,871.1,875.92,-1.2908680947012454,-11.450000000000045
CAPLIPOINT,27-FEB-2026 10:00:00,10:11:50,0.74,0.04,-4029.96,4030,2962,1718.1,1728.6,1728.6,1710.2,1716.18,-0.6074279763970845,-10.5
CARBORUNIV,27-FEB-2026 10:00:00,10:11:50,1.27,0.15,-14251.85,14252,8404,834.1,835.05,840.0,826.1,831.38,-0.4059701492537286,-3.3999999999999773
CARTRADE,27-FEB-2026 10:00:00,10:11:50,19.85,1.08,-99240.92,99242,52598,1846.1,1850.0,1850.0,1813.0,1833.43,-1.0717539252987514,-20.0
CASTROLIND,27-FEB-2026 10:00:00,10:11:50,5.4,2.87,-266613.13,266616,160104,187.26,187.9,188.85,186.72,187.88,-0.20783373301359703,-0.3900000000000148
CCL,27-FEB-2026 10:00:00,10:11:50,3.54,0.35,-27376.65,27377,16101,1012.9,1037.0,1037.0,1010.75,1021.34,-2.0169286577992764,-20.850000000000023
CEATLTD,27-FEB-2026 10:00:00,10:11:51,10.14,0.28,-22129.72,22130,17494,3636.8,3729.9,3729.9,3626.0,3655.81,-1.7850873639579763,-66.09999999999991
CEIGALL,27-FEB-2026 10:00:00,10:11:51,0.35,0.12,-10767.88,10768,7293,285.4,286.9,287.1,285.0,286.01,-0.5228302544440572,-1.5
CELLO,27-FEB-2026 10:00:00,10:11:51,1.96,0.48,-41390.52,41391,31489,413.05,420.0,420.0,408.8,411.76,-1.2904767594694653,-5.399999999999977
CEMPRO,27-FEB-2026 10:00:00,10:11:51,4.29,0.73,-67041.27,67042,50518,583.45,590.7,591.95,581.05,583.69,-1.2106332543176392,-7.149999999999977
CENTRALBK,27-FEB-2026 10:00:00,10:11:51,17.62,43.68,-4050342.32,4050386,2326985,40.17,40.45,40.68,40.01,40.34,-0.6676557863501386,-0.269999999999996
CENTURYPLY,27-FEB-2026 10:00:00,10:11:51,0.31,0.04,-3503.96,3504,2190,754.55,762.7,762.7,748.25,754.22,-1.165760691597366,-8.900000000000091
CERA,27-FEB-2026 10:00:00,10:11:51,0.92,0.02,-1455.98,1456,956,4958.0,4912.3,5000.0,4912.3,4953.58,0.27911492253549985,13.800000000000182
CESC,27-FEB-2026 10:00:00,10:11:51,2.48,1.56,-138421.44,138423,91953,159.01,159.19,160.15,158.76,159.38,-0.4819126298660722,-0.7700000000000102
CGCL,27-FEB-2026 10:00:00,10:11:52,3.69,2.23,-207285.77,207288,144815,164.17,167.9,167.91,164.07,165.21,-2.2040864955024824,-3.700000000000017
CHALET,27-FEB-2026 10:00:00,10:11:52,1.1,0.13,-13047.87,13048,10146,816.05,825.0,829.7,813.4,819.31,-1.0668606413287347,-8.800000000000068
CHAMBLFERT,27-FEB-2026 10:00:00,10:11:52,3.48,0.76,-64681.24,64682,37738,456.15,460.05,461.95,455.35,457.21,-0.5775937227550205,-2.650000000000034
CHENNPETRO,27-FEB-2026 10:00:00,10:11:52,76.53,8.2,-630800.8,630809,246677,941.45,911.05,942.3,911.05,933.48,2.7279175077745648,25.0
CHOICEIN,27-FEB-2026 10:00:00,10:11:52,7.35,0.99,-94764.01,94765,42869,741.05,746.5,749.95,740.55,743.85,-0.636899973183159,-4.75
CHOLAHLDNG,27-FEB-2026 10:00:00,10:11:52,2.94,0.18,-14813.82,14814,9068,1650.0,1685.3,1685.3,1645.8,1656.26,-2.094582566902033,-35.299999999999955
CIEINDIA,27-FEB-2026 10:00:00,10:11:53,4.08,0.84,-80818.16,80819,42940,485.65,493.9,494.05,482.75,485.77,-1.2605469147097785,-6.2000000000000455
CIGNITITEC,27-FEB-2026 10:00:00,10:11:53,2.6,0.22,-20444.78,20445,12770,1191.0,1175.0,1218.4,1175.0,1202.44,0.33698399326032014,4.0
CLEAN,27-FEB-2026 10:00:00,10:11:53,3.49,0.49,-31614.51,31615,22307,718.75,725.0,725.85,711.5,715.92,-0.4845967462789893,-3.5
CMSINFO,27-FEB-2026 10:00:00,10:11:53,1.69,0.56,-51386.44,51387,32659,304.7,300.2,305.2,299.75,302.96,1.1284434118818378,3.3999999999999773
COCHINSHIP,27-FEB-2026 10:00:00,10:11:53,21.5,1.45,-131131.55,131133,82533,1482.0,1491.4,1498.0,1478.1,1484.29,-1.2526652452025557,-18.799999999999955
COHANCE,27-FEB-2026 10:00:00,10:11:53,4.28,1.4,-131820.6,131822,95203,304.35,306.6,309.2,303.6,305.42,-1.2972271769093562,-4.0
CONCORDBIO,27-FEB-2026 10:00:00,10:11:54,31.29,2.5,-231782.5,231785,73051,1247.0,1242.9,1274.4,1227.6,1251.3,-0.3675295621604274,-4.599999999999909
COROMANDEL,27-FEB-2026 10:00:00,10:11:54,33.72,1.5,-124647.5,124649,77738,2233.0,2329.0,2329.0,2227.2,2250.2,-4.187762807860633,-97.59999999999991
CRAFTSMAN,27-FEB-2026 10:00:00,10:11:54,5.18,0.07,-4982.93,4983,3457,7627.0,7740.0,7750.0,7603.5,7646.56,-1.644206589722097,-127.5
CREDITACC,27-FEB-2026 10:00:00,10:11:54,12.78,0.98,-89235.02,89236,55652,1287.2,1316.3,1327.8,1281.7,1302.22,-3.8541977890648274,-51.59999999999991
CRISIL,27-FEB-2026 10:00:00,10:11:54,2.96,0.07,-6006.93,6007,4304,4413.2,4474.0,4482.6,4412.3,4438.07,-1.6447515043458922,-73.80000000000018
CSBBANK,27-FEB-2026 10:00:00,10:11:54,8.28,2.06,-199232.94,199235,129089,396.45,397.5,408.15,395.8,402.91,-1.6375139560848586,-6.600000000000023
CUB,27-FEB-2026 10:00:00,10:11:54,7.12,2.49,-229600.51,229603,104546,288.3,289.65,289.65,284.0,286.06,-0.7914659325533417,-2.3000000000000114
CYIENTDLM,27-FEB-2026 10:00:00,10:11:55,0.9,0.29,-26232.71,26233,16818,311.55,312.4,316.75,311.3,313.42,-0.3199488081906895,-1.0
DATAMATICS,27-FEB-2026 10:00:00,10:11:55,2.56,0.33,-28908.67,28909,14632,777.15,776.1,790.45,768.9,782.2,0.22568996646891928,1.75
DATAPATTNS,27-FEB-2026 10:00:00,10:11:55,134.22,4.15,-388520.85,388525,160437,3214.9,3230.0,3309.9,3187.3,3236.62,-0.8848193365396417,-28.699999999999818
DBL,27-FEB-2026 10:00:00,10:11:55,5.7,1.34,-118023.66,118025,69489,424.1,434.65,434.65,423.0,426.4,-1.7035577703094138,-7.349999999999966
DBREALTY,27-FEB-2026 10:00:00,10:11:55,6.95,6.18,-382721.82,382728,189431,115.32,112.4,115.6,110.0,112.36,3.2223415682062244,3.5999999999999943
DCAL,27-FEB-2026 10:00:00,10:11:55,1.08,0.6,-48609.4,48610,33866,179.28,183.05,184.58,178.41,180.34,-3.03423657309751,-5.609999999999985
DCBBANK,27-FEB-2026 10:00:00,10:11:55,6.6,3.51,-264518.49,264522,144428,189.6,187.0,189.74,185.2,188.0,0.9154779646582919,1.7199999999999989
DCMSHRIRAM,27-FEB-2026 10:00:00,10:11:55,0.43,0.04,-3770.96,3771,2096,1056.3,1079.7,1079.7,1050.0,1055.63,-0.6956848735545822,-7.400000000000091
DEEPAKFERT,27-FEB-2026 10:00:00,10:11:56,3.83,0.39,-32209.61,32210,20490,977.0,995.0,995.0,974.0,979.39,-1.2532848190822699,-12.399999999999977
DEEPAKNTR,27-FEB-2026 10:00:00,10:11:56,1.26,0.08,-6862.92,6863,4429,1576.9,1593.7,1593.7,1575.0,1579.71,-1.0727728983688778,-17.09999999999991
DEVYANI,27-FEB-2026 10:00:00,10:11:56,2.22,1.74,-134784.26,134786,84911,126.82,129.29,129.29,126.55,127.5,-1.6060206377531177,-2.069999999999993
DHANUKA,27-FEB-2026 10:00:00,10:11:56,3.12,0.3,-27460.7,27461,18540,1019.1,1057.5,1059.8,1016.1,1028.73,-3.631205673758863,-38.39999999999998
DIACABS,27-FEB-2026 10:00:00,10:11:57,5.86,4.22,-343680.78,343685,233822,138.35,140.99,141.25,138.04,139.04,-1.4179848938292783,-1.990000000000009
DODLA,27-FEB-2026 10:00:00,10:11:57,0.28,0.02,-2218.98,2219,1859,1156.9,1173.9,1173.9,1150.2,1155.94,0.025938094414679397,0.3000000000001819
DOMS,27-FEB-2026 10:00:00,10:11:57,1.47,0.06,-4597.94,4598,3500,2320.0,2337.5,2339.5,2311.3,2322.95,-1.1672488710914242,-27.40000000000009
DYNAMATECH,27-FEB-2026 10:00:00,10:11:57,4.0,0.04,-3677.96,3678,1478,9999.5,10010.0,10087.0,9945.0,9996.62,-1.2395061728395063,-125.5
EASEMYTRIP,27-FEB-2026 10:00:00,10:11:57,4.4,51.06,-4750133.94,4750185,2336623,8.65,8.72,8.72,8.56,8.62,-0.3456221198156609,-0.02999999999999936
ECLERX,27-FEB-2026 10:00:00,10:11:57,9.12,0.28,-25873.72,25874,13570,3253.1,3326.7,3335.1,3236.8,3270.42,-1.483904182187093,-49.0
EDELWEISS,27-FEB-2026 10:00:00,10:11:57,14.94,12.79,-1111125.21,1111138,710145,115.85,118.24,118.36,115.53,116.84,-1.9881556683587214,-2.3500000000000085
EIDPARRY,27-FEB-2026 10:00:00,10:11:58,3.32,0.38,-36149.62,36150,24455,868.6,885.0,885.0,868.5,873.56,-0.935218978102182,-8.199999999999932
EIEL,27-FEB-2026 10:00:00,10:11:58,1.86,1.17,-101055.83,101057,61664,158.51,159.9,160.55,157.8,158.74,-0.9745736240394842,-1.5600000000000023
EIHOTEL,27-FEB-2026 10:00:00,10:11:58,0.66,0.21,-17122.79,17123,10152,316.45,321.0,321.0,316.3,317.66,-1.524817177532296,-4.900000000000034
ELECON,27-FEB-2026 10:00:00,10:11:58,1.54,0.36,-29019.64,29020,18159,421.25,423.35,426.7,420.05,423.64,-0.5430291583048072,-2.3000000000000114
ELECTCAST,27-FEB-2026 10:00:00,10:11:58,1.36,1.98,-163452.02,163454,117926,68.91,69.5,69.75,68.61,69.07,-1.2750716332378231,-0.8900000000000006
ELGIEQUIP,27-FEB-2026 10:00:00,10:11:58,4.97,0.92,-83791.08,83792,54602,539.65,542.95,543.0,536.25,540.33,-0.29561200923787945,-1.6000000000000227
EMAMILTD,27-FEB-2026 10:00:00,10:11:58,4.6,0.98,-86208.02,86209,57732,468.55,473.0,476.05,468.05,471.58,-1.3267347583447429,-6.300000000000011
EMBDL,-,10:11:58,0.67,1.14,1.14,0,0,58.99,59.59,59.69,58.76,59.03,-0.405200067533336,-0.23999999999999488
EMCURE,27-FEB-2026 10:00:00,10:11:58,5.6,0.38,-34962.62,34963,21565,1464.0,1452.0,1479.5,1434.6,1463.51,0.6531454107940873,9.5
EMIL,27-FEB-2026 10:00:00,10:11:59,0.74,0.74,-70439.26,70440,38327,100.14,101.45,101.45,99.27,100.21,-0.1097256857855356,-0.10999999999999943
EMUDHRA,27-FEB-2026 10:00:00,10:11:59,3.77,0.86,-82022.14,82023,47438,434.85,444.95,444.95,432.2,436.8,-0.6965060516099463,-3.0499999999999545
ENDURANCE,27-FEB-2026 10:00:00,10:11:59,3.79,0.14,-11027.86,11028,6961,2618.8,2645.2,2652.8,2609.0,2626.26,-0.9980341751096189,-26.399999999999636
ENGINERSIN,27-FEB-2026 10:00:00,10:11:59,36.34,16.24,-1400632.76,1400649,537748,222.4,224.95,226.15,221.6,223.79,-1.0015579790785667,-2.25
ENRIN,27-FEB-2026 10:00:00,10:11:59,41.95,1.42,-124281.58,124283,59113,2924.3,2926.0,2994.9,2918.4,2960.03,0.13697222888059446,4.0
ENTERO,27-FEB-2026 10:00:00,10:12:01,1.32,0.13,-9294.87,9295,6861,1037.6,1056.0,1056.0,1033.5,1038.48,-2.2423214622197265,-23.800000000000182
EPIGRAL,27-FEB-2026 10:00:00,10:12:00,2.7,0.3,-27495.7,27496,18494,911.0,935.0,935.0,905.0,911.77,-1.6517326999891995,-15.299999999999955
EPL,27-FEB-2026 10:00:00,10:12:00,1.27,0.58,-48929.42,48930,26323,217.0,217.6,218.58,216.0,217.03,-0.18399264029439083,-0.4000000000000057
EQUITASBNK,27-FEB-2026 10:00:00,10:12:00,1.65,2.53,-243829.47,243832,141608,65.32,66.03,66.03,65.05,65.28,-1.0752688172043132,-0.710000000000008
ERIS,27-FEB-2026 10:00:00,10:12:00,0.48,0.04,-3088.96,3089,2071,1366.4,1368.3,1377.5,1358.0,1364.68,0.3893909338035546,5.300000000000182
ESCORTS,27-FEB-2026 10:00:00,10:12:01,3.11,0.09,-7657.91,7658,4821,3554.0,3590.0,3596.9,3534.1,3553.01,-1.264064453396305,-45.5
ETHOSLTD,27-FEB-2026 10:00:00,10:12:01,0.81,0.03,-3298.97,3299,2288,2405.1,2400.0,2431.5,2394.9,2417.68,-0.4593990563695021,-11.099999999999909
EUREKAFORB,27-FEB-2026 10:00:00,10:12:01,1.22,0.26,-21328.74,21329,15489,478.0,485.45,485.45,477.05,479.25,-1.5346585642187638,-7.449999999999989
FACT,27-FEB-2026 10:00:00,10:12:01,2.5,0.34,-30819.66,30820,20163,736.0,743.0,743.0,726.9,733.82,-0.3115264797507727,-2.2999999999999545
FDC,27-FEB-2026 10:00:00,10:12:01,0.13,0.04,-2484.96,2485,1712,361.55,364.9,364.9,360.8,361.92,-0.45429515418501576,-1.6499999999999773
FIEMIND,27-FEB-2026 10:00:00,10:12:01,3.22,0.15,-12798.85,12799,8677,2168.9,2211.0,2231.2,2165.2,2187.29,-1.8863656925721444,-41.69999999999982
FINCABLES,27-FEB-2026 10:00:00,10:12:01,20.33,2.32,-213093.68,213096,96414,877.0,876.0,884.4,868.75,877.08,0.4179309555161135,3.6499999999999773
FINEORG,27-FEB-2026 10:00:00,10:12:02,1.52,0.03,-2393.97,2394,1335,4642.9,4709.3,4730.0,4633.2,4663.23,-1.4099760049264336,-66.40000000000055
FINPIPE,27-FEB-2026 10:00:00,10:12:02,0.78,0.42,-37839.58,37840,27819,183.44,185.15,185.15,182.34,183.19,-0.9075194468452933,-1.6800000000000068
FIRSTCRY,27-FEB-2026 10:00:00,10:12:02,7.58,3.48,-315577.52,315581,178675,218.1,220.45,220.75,216.5,217.93,-1.0660013608527985,-2.3499999999999943
FIVESTAR,27-FEB-2026 10:00:00,10:12:03,13.34,3.18,-284652.82,284656,186618,419.0,422.05,424.0,417.4,419.61,-1.0859301227573235,-4.600000000000023
FLUOROCHEM,27-FEB-2026 10:00:00,10:12:03,1.34,0.04,-3635.96,3636,2822,3431.0,3425.0,3431.0,3403.6,3412.23,-0.5103520269094679,-17.59999999999991
FORCEMOT,27-FEB-2026 10:00:00,10:12:03,39.04,0.15,-14591.85,14592,6203,25250.0,25460.0,25764.0,25092.0,25387.93,-0.8131358761833679,-207.0
FSL,27-FEB-2026 10:00:00,10:12:03,13.82,6.34,-546125.66,546132,324843,215.3,220.0,221.25,214.45,217.86,-1.98042340086501,-4.349999999999994
GABRIEL,27-FEB-2026 10:00:00,10:12:03,5.42,0.54,-35409.46,35410,21748,1013.3,1004.05,1014.0,991.0,1001.93,0.2522879050210195,2.5499999999999545
GAEL,27-FEB-2026 10:00:00,10:12:03,0.86,0.6,-48369.4,48370,35346,142.36,144.24,144.24,141.91,142.73,-1.501418390645532,-2.1699999999999875
GALLANTT,27-FEB-2026 10:00:00,10:12:04,0.97,0.17,-14931.83,14932,7240,579.75,589.8,589.8,575.65,579.2,-0.7107381400924777,-4.149999999999977
GANECOS,27-FEB-2026 10:00:00,10:12:04,0.49,0.06,-5161.94,5162,4248,772.0,783.05,783.05,770.5,774.03,-1.4111487133644027,-11.049999999999955
GANESHHOU,27-FEB-2026 10:00:00,10:12:04,0.3,0.05,-3579.95,3580,2819,666.0,674.35,680.0,665.05,667.52,-1.010701545778828,-6.7999999999999545
GARFIBRES,27-FEB-2026 10:00:00,10:12:05,0.79,0.12,-7470.88,7471,4738,644.55,639.1,646.0,631.05,642.05,0.8527616961351794,5.449999999999932
GATEWAY,27-FEB-2026 10:00:00,10:12:05,0.81,1.4,-120821.6,120823,90726,57.99,58.49,58.68,57.81,58.03,-0.8548469823901521,-0.5
GESHIP,27-FEB-2026 10:00:00,10:12:05,3.55,0.27,-23706.73,23707,14348,1340.9,1343.0,1344.5,1322.1,1337.08,-0.42328828159808546,-5.699999999999818
GHCL,27-FEB-2026 10:00:00,10:12:05,0.74,0.15,-12761.85,12762,10789,484.5,490.5,491.6,484.2,486.26,-1.8535399574597342,-9.149999999999977
GICRE,27-FEB-2026 10:00:00,10:12:05,1.29,0.33,-29709.67,29710,22406,386.85,388.15,388.75,384.15,386.01,-0.527127796348664,-2.0499999999999545
GILLETTE,27-FEB-2026 10:00:00,10:12:05,2.38,0.03,-2145.97,2146,1251,8426.0,8407.0,8435.5,8360.0,8404.26,0.681084956386665,57.0
GLAND,27-FEB-2026 10:00:00,10:12:06,3.03,0.17,-15927.83,15928,10834,1835.8,1855.0,1855.0,1827.1,1834.67,-1.3647109391790293,-25.40000000000009
GLAXO,27-FEB-2026 10:00:00,10:12:06,2.57,0.1,-9413.9,9414,7570,2599.8,2632.1,2633.1,2594.4,2604.56,-0.9977151561309908,-26.199999999999818
GMDCLTD,27-FEB-2026 10:00:00,10:12:06,51.36,8.87,-846898.13,846907,404409,578.5,581.65,582.7,573.1,579.21,0.29472954230236575,1.7000000000000455
GMMPFAUDLR,27-FEB-2026 10:00:00,10:12:07,2.8,0.29,-10427.71,10428,7513,960.0,964.3,970.0,945.8,955.99,-0.44591931971377735,-4.2999999999999545
GMRP&UI,27-FEB-2026 10:00:00,10:12:07,4.07,3.38,-285067.62,285071,190734,120.11,120.6,121.5,119.61,120.42,-1.3551248357424488,-1.6500000000000057
GNFC,27-FEB-2026 10:00:00,10:12:08,1.07,0.24,-16946.76,16947,13379,455.3,458.2,458.3,454.05,455.61,-0.42646254784034743,-1.9499999999999886
GODFRYPHLP,27-FEB-2026 10:00:00,10:12:08,42.05,2.02,-177800.98,177803,94625,2075.0,2111.0,2111.0,2067.3,2078.32,-0.6749317888085735,-14.099999999999909
GODIGIT,27-FEB-2026 10:00:00,10:12:08,0.47,0.14,-13176.86,13177,10337,338.5,343.45,343.45,337.7,339.24,-1.455604075691412,-5.0
GODREJAGRO,27-FEB-2026 10:00:00,10:12:08,1.45,0.24,-17608.76,17609,12026,615.2,620.1,620.1,608.6,611.97,-0.5898036680940417,-3.6499999999999773
GODREJIND,27-FEB-2026 10:00:00,10:12:08,2.96,0.29,-25867.71,25868,17374,1002.3,1030.0,1030.0,997.0,1005.91,-2.7176550519266236,-28.0
GOKEX,27-FEB-2026 10:00:00,10:12:08,13.23,1.94,-158640.06,158642,83369,681.65,682.0,689.0,672.1,681.03,0.25739079276364174,1.75
GPIL,27-FEB-2026 10:00:00,10:12:08,8.83,3.24,-294710.76,294714,181255,271.95,270.6,274.49,270.11,272.74,-0.10285420416560612,-0.28000000000002956
GPPL,27-FEB-2026 10:00:00,10:12:09,2.7,1.52,-131932.48,131934,92698,176.1,178.85,178.85,175.79,177.25,-1.5761234071093189,-2.819999999999993
GRANULES,27-FEB-2026 10:00:00,10:12:10,6.12,1.05,-91104.95,91106,63012,584.0,589.7,589.7,582.2,584.56,-1.1844331641285957,-7.0
GRAPHITE,27-FEB-2026 10:00:00,10:12:10,101.47,13.72,-1224308.28,1224322,423257,740.15,728.7,747.0,726.4,739.72,1.3695815928233925,10.0
GRAVITA,0,10:12:10,0.0,0.0,0.0,0,0,1603.9,1621.0,1621.0,1595.3,1605.25,-1.444021138011552,-23.5
GREAVESCOT,27-FEB-2026 10:00:00,10:12:10,10.03,6.32,-591413.68,591420,288139,156.47,158.0,161.38,156.03,158.64,-0.6665820213306318,-1.0500000000000114
GREENPANEL,27-FEB-2026 10:00:00,10:12:10,0.19,0.09,-7853.91,7854,5265,205.86,208.0,208.19,205.5,206.69,-1.0288461538461473,-2.1399999999999864
GRINFRA,27-FEB-2026 10:00:00,10:12:10,0.62,0.06,-5986.94,5987,3819,977.05,980.0,980.0,965.25,972.66,-0.7416061360288584,-7.300000000000068
GRSE,27-FEB-2026 10:00:00,10:12:10,24.63,1.01,-92529.99,92531,48539,2439.8,2458.7,2462.8,2431.0,2447.21,-1.2026726057906385,-29.699999999999818
GRWRHITECH,27-FEB-2026 10:00:00,10:12:10,3.71,0.09,-6911.91,6912,3712,4185.0,4150.0,4190.0,4095.0,4145.9,1.8942345149980566,77.80000000000018
GSFC,27-FEB-2026 10:00:00,10:12:11,1.6,0.94,-80903.06,80904,60386,170.75,171.36,171.56,170.1,170.94,-0.3385279869258229,-0.5800000000000125
GSPL,27-FEB-2026 10:00:00,10:12:11,2.31,0.76,-72334.24,72335,57911,305.3,304.8,305.45,302.0,304.52,0.0,0.0
GUJGASLTD,27-FEB-2026 10:00:00,10:12:11,1.54,0.38,-32938.62,32939,22646,407.6,408.9,408.9,404.5,406.09,-0.6943598489462701,-2.849999999999966
GULFOILLUB,27-FEB-2026 10:00:00,10:12:11,0.34,0.03,-2370.97,2371,1400,1081.4,1093.1,1093.1,1078.8,1082.89,-1.0793999268203398,-11.799999999999955
GVT&D,27-FEB-2026 10:00:00,10:12:11,22.58,0.58,-49231.42,49232,26376,3851.6,3848.0,3909.4,3829.9,3870.35,-0.3312286512783403,-12.800000000000182
HAPPSTMNDS,27-FEB-2026 10:00:00,10:12:11,6.04,1.65,-145815.35,145817,63401,363.8,362.55,372.65,361.2,365.74,0.38631346578367387,1.400000000000034
HBLENGINE,27-FEB-2026 10:00:00,10:12:12,26.54,3.83,-267688.17,267692,146742,689.3,697.0,704.8,682.6,692.58,-1.5496679283010817,-10.850000000000023
HCC,27-FEB-2026 10:00:00,10:12:12,6.11,34.54,-2926483.46,2926518,1672395,17.59,17.87,17.88,17.54,17.7,-1.2906846240179597,-0.23000000000000043
HCG,27-FEB-2026 10:00:00,10:12:12,0.35,0.06,-5239.94,5240,3672,573.0,573.5,574.3,570.65,572.91,-0.27845457709711496,-1.6000000000000227
HEG,27-FEB-2026 10:00:00,10:12:12,62.85,10.64,-918366.36,918377,418239,593.4,582.0,595.7,579.0,590.64,1.722807919773713,10.049999999999955
HEMIPROP,27-FEB-2026 10:00:00,10:12:12,1.11,0.78,-74584.22,74585,54155,141.87,141.3,142.63,140.15,141.56,0.14117314886709753,0.20000000000001705
HERITGFOOD,27-FEB-2026 10:00:00,10:12:13,3.59,1.11,-103345.89,103347,66503,323.55,327.3,327.3,321.95,323.98,-0.6906077348066298,-2.25
HEXT,27-FEB-2026 10:00:00,10:12:13,8.83,1.86,-169196.14,169198,82707,475.35,476.4,479.9,472.8,475.31,0.5499735589635162,2.6000000000000227
HGINFRA,27-FEB-2026 10:00:00,10:12:13,9.28,1.69,-141046.31,141048,88885,543.15,562.0,562.35,541.55,550.94,-2.670011647701815,-14.899999999999977
HIKAL,27-FEB-2026 10:00:00,10:12:13,1.04,0.52,-46912.48,46913,32391,201.32,201.52,201.88,198.61,200.22,-0.09924573243351381,-0.20000000000001705
HINDCOPPER,27-FEB-2026 10:00:00,10:12:13,128.89,22.02,-1842483.98,1842506,812887,586.65,584.1,588.7,578.65,585.44,0.49678800856530664,2.8999999999999773
HOMEFIRST,27-FEB-2026 10:00:00,10:12:13,7.96,0.69,-66486.31,66487,36807,1153.7,1170.0,1171.0,1147.6,1154.6,-1.9796091758708543,-23.299999999999955
HONASA,27-FEB-2026 10:00:00,10:12:13,1.37,0.45,-42314.55,42315,20740,306.3,307.4,307.4,304.2,306.01,-0.35783994795054197,-1.099999999999966
HONAUT,27-FEB-2026 10:00:00,10:12:14,0.92,0.0,-198.0,198,157,31105.0,31205.0,31295.0,31035.0,31120.03,-0.511754357908204,-160.0
HSCL,27-FEB-2026 10:00:00,10:12:14,9.57,1.99,-189948.01,189950,105936,480.75,484.0,484.95,480.0,481.32,-0.48644173049058637,-2.3500000000000227
HYUNDAI,27-FEB-2026 10:00:00,10:12:14,33.12,1.54,-140197.46,140199,71965,2162.5,2175.6,2179.9,2141.0,2155.17,-1.4447178926260058,-31.699999999999818
ICIL,27-FEB-2026 10:00:00,10:12:15,1.23,0.46,-39507.54,39508,18420,266.31,273.99,273.99,265.5,268.41,-1.9260514104736015,-5.230000000000018
IDBI,27-FEB-2026 10:00:00,10:12:15,29.62,26.07,-2078025.93,2078052,1189319,113.18,113.84,114.41,112.9,113.61,-0.46609796851638985,-0.5299999999999869
IFBIND,27-FEB-2026 10:00:00,10:12:15,0.96,0.09,-6748.91,6749,4704,1082.3,1096.7,1105.3,1081.3,1090.9,-1.0332845647403033,-11.299999999999955
IFCI,27-FEB-2026 10:00:00,10:12:15,23.94,39.89,-3614001.11,3614041,1990061,59.87,60.5,60.56,59.6,60.02,-0.5151213027583953,-0.3100000000000023
IGIL,27-FEB-2026 10:00:00,10:12:15,6.74,2.07,-165259.93,165262,126702,325.85,327.6,328.8,324.15,325.9,-1.1227431345774506,-3.6999999999999886
IGL,27-FEB-2026 10:00:00,10:12:15,4.92,2.88,-229273.12,229276,149576,170.48,172.04,172.1,170.05,170.75,-1.073521731561552,-1.8500000000000227
IIFLCAPS,27-FEB-2026 10:00:00,10:12:15,2.88,1.0,-95359.0,95360,56225,288.25,289.45,292.4,286.4,289.4,0.33066481030281536,0.9499999999999886
IKS,27-FEB-2026 10:00:00,10:12:15,16.13,1.14,-104786.86,104788,90224,1400.9,1417.6,1417.7,1394.1,1409.37,-1.1780474040631925,-16.699999999999818
IMAGICAA,27-FEB-2026 10:00:00,10:12:16,1.44,3.33,-94566.67,94570,74901,43.21,44.26,44.52,42.85,43.36,-2.372345232715764,-1.0499999999999972
IMFA,27-FEB-2026 10:00:00,10:12:16,1.97,0.16,-15155.84,15156,7525,1271.0,1274.9,1280.0,1260.1,1269.89,-0.3059063455957401,-3.900000000000091
INDGN,27-FEB-2026 10:00:00,10:12:16,5.99,1.18,-103203.82,103205,42986,502.45,504.0,511.75,500.75,506.55,0.4297421547071712,2.1499999999999773
INDIACEM,27-FEB-2026 10:00:00,10:12:16,3.35,0.81,-61284.19,61285,45647,412.4,423.0,425.0,410.55,414.91,-2.964705882352946,-12.600000000000023
INDIAGLYCO,27-FEB-2026 10:00:00,10:12:16,1.12,0.12,-11485.88,11486,5654,927.9,925.15,929.8,916.0,923.71,0.29724909474139327,2.75
INDIAMART,27-FEB-2026 10:00:00,10:12:16,1.75,0.08,-7126.92,7127,5252,2169.4,2180.8,2183.4,2153.1,2161.77,-0.5227439471753527,-11.400000000000091
INDIASHLTR,27-FEB-2026 10:00:00,10:12:16,0.32,0.04,-3925.96,3926,2415,726.9,734.95,735.0,725.0,727.57,-0.9403107113654916,-6.899999999999977
INDIGOPNTS,27-FEB-2026 10:00:00,10:12:17,2.11,0.23,-19475.77,19476,12089,942.1,945.1,947.6,933.8,939.07,-0.5699208443271744,-5.399999999999977
INFIBEAM,0,10:12:25,0.0,0.0,0.0,0,0,0.0,0.0,0.0,0.0,0.0,0.0,0.0
INGERRAND,27-FEB-2026 10:00:00,10:12:17,1.13,0.03,-2630.97,2631,1927,3996.0,4040.1,4040.1,3989.9,4009.49,-1.3333333333333335,-54.0
INNOVACAP,27-FEB-2026 10:00:00,10:12:17,0.27,0.04,-3855.96,3856,2926,677.45,677.0,684.0,671.55,678.21,0.6163671468884734,4.150000000000091
INOXGREEN,27-FEB-2026 10:00:00,10:12:18,3.7,2.15,-205985.85,205988,123830,168.38,172.04,174.2,168.1,171.91,-1.647196261682239,-2.819999999999993
INOXINDIA,27-FEB-2026 10:00:00,10:12:19,0.47,0.04,-3543.96,3544,2341,1151.8,1145.1,1154.6,1144.0,1149.51,0.18265634513350518,2.099999999999909
INTELLECT,27-FEB-2026 10:00:00,10:12:18,6.28,0.9,-74215.1,74216,43297,693.7,702.95,705.3,690.25,697.14,-0.999000999000999,-7.0
IOB,27-FEB-2026 10:00:00,10:12:18,7.67,20.85,-1948577.15,1948598,804651,36.6,36.7,37.08,36.45,36.77,-0.5164446860559873,-0.18999999999999773
IONEXCHANG,27-FEB-2026 10:00:00,10:12:18,0.44,0.12,-9970.88,9971,6819,367.25,370.0,371.0,365.85,367.42,-0.33921302578018997,-1.25
IPCALAB,27-FEB-2026 10:00:00,10:12:18,4.63,0.3,-20460.7,20461,8867,1527.7,1522.0,1540.0,1503.9,1523.72,0.32177567638561144,4.900000000000091
IRB,27-FEB-2026 10:00:00,10:12:19,5.07,12.27,-1111767.73,1111780,676617,41.45,41.4,41.55,41.1,41.36,-0.2886697137358611,-0.11999999999999744
IRCON,27-FEB-2026 10:00:00,10:12:19,8.42,5.86,-540450.14,540456,288568,143.69,144.1,144.87,142.71,143.76,-0.9853914002205119,-1.4300000000000068
ISGEC,27-FEB-2026 10:00:00,10:12:19,0.29,0.03,-2819.97,2820,1934,882.65,894.1,894.15,882.3,888.66,-1.3909060440174332,-12.450000000000045
ITCHOTELS,27-FEB-2026 10:00:00,10:12:19,7.8,4.41,-401387.59,401392,280608,176.71,178.39,178.41,176.2,176.83,-0.8194421058539483,-1.4599999999999795
ITI,27-FEB-2026 10:00:00,10:12:19,0.97,0.36,-33813.64,33814,18786,272.25,273.0,274.65,271.35,272.83,-0.49342105263158725,-1.3500000000000227
IXIGO,27-FEB-2026 10:00:00,10:12:19,6.11,3.61,-313354.39,313358,134360,171.11,171.95,171.95,166.3,169.29,0.3931002112180333,0.6700000000000159
J&KBANK,27-FEB-2026 10:00:00,10:12:19,114.6,93.92,-8678148.08,8678242,3358138,122.11,120.63,123.6,119.26,122.02,0.7258929307927043,0.8799999999999955
JAIBALAJI,27-FEB-2026 10:00:00,10:12:20,14.9,21.04,-1942276.96,1942298,752025,70.89,71.21,71.81,69.51,70.81,-1.5416666666666659,-1.1099999999999994
JAMNAAUTO,27-FEB-2026 10:00:00,10:12:20,26.69,17.92,-1603596.08,1603614,938445,148.05,149.0,150.5,147.6,148.94,-0.1349072512647478,-0.19999999999998863
JBCHEPHARM,27-FEB-2026 10:00:00,10:12:20,2.84,0.14,-12076.86,12077,8187,2075.0,2089.4,2092.6,2072.0,2081.95,-0.3074853464014649,-6.400000000000091
JBMA,27-FEB-2026 10:00:00,10:12:20,1.53,0.28,-24563.72,24564,16336,554.75,560.3,560.65,553.8,556.3,-1.0611735330836534,-5.9500000000000455
JCHAC,0,10:12:28,0.0,0.0,0.0,0,0,0.0,0.0,0.0,0.0,0.0,0.0,0.0
JINDALSAW,27-FEB-2026 10:00:00,10:12:21,5.4,2.9,-260909.1,260912,154413,186.4,186.0,187.39,185.11,185.89,-0.8668829442110276,-1.6299999999999955
JINDWORLD,27-FEB-2026 10:00:00,10:12:21,0.26,1.04,-73731.96,73733,48535,24.72,24.72,24.93,24.45,24.64,-0.20185708518369283,-0.05000000000000071
JISLJALEQS,27-FEB-2026 10:00:00,10:12:21,1.42,3.98,-253724.02,253728,162179,35.51,35.6,36.17,35.21,35.64,-0.8654383026242387,-0.3100000000000023
JKCEMENT,27-FEB-2026 10:00:00,10:12:21,5.14,0.09,-8432.91,8433,5279,5660.5,5731.0,5775.5,5643.0,5689.15,-1.2215338975656573,-70.0
JKIL,27-FEB-2026 10:00:00,10:12:21,2.81,0.52,-47909.48,47910,31631,531.5,545.55,546.75,530.8,537.39,-2.7714259581084746,-15.149999999999977
JKLAKSHMI,27-FEB-2026 10:00:00,10:12:21,0.78,0.11,-9804.89,9805,8193,718.85,729.0,729.0,716.0,718.82,-1.1414426184418558,-8.299999999999955
JKPAPER,27-FEB-2026 10:00:00,10:12:22,2.68,0.75,-66302.25,66303,36515,358.95,359.85,360.0,353.25,357.87,0.5462184873949548,1.9499999999999886
JKTYRE,27-FEB-2026 10:00:00,10:12:22,18.12,3.47,-329380.53,329384,195207,521.7,530.0,531.65,518.0,522.4,-1.6866107603881904,-8.949999999999932
JMFINANCIL,27-FEB-2026 10:00:00,10:12:22,7.64,5.8,-481697.2,481703,248751,130.9,133.15,133.8,130.5,131.75,-1.4158758849224247,-1.8799999999999955
JPPOWER,27-FEB-2026 10:00:00,10:12:22,8.06,55.41,-5226330.59,5226386,2256456,14.51,14.55,14.72,14.43,14.54,-0.2749140893470854,-0.040000000000000924
JSFB,27-FEB-2026 10:00:00,10:12:22,5.25,1.43,-89083.57,89085,52251,370.9,365.4,372.6,360.45,367.86,0.6649477541050316,2.4499999999999886
JSL,27-FEB-2026 10:00:00,10:12:23,7.75,0.97,-82382.03,82383,46993,795.35,809.5,813.75,794.0,799.9,-1.7054934190199538,-13.799999999999955
JSWINFRA,27-FEB-2026 10:00:00,10:12:23,5.81,2.28,-200100.72,200103,141559,254.1,259.0,259.0,253.5,255.06,-1.891891891891894,-4.900000000000006
JUBLINGREA,27-FEB-2026 10:00:00,10:12:23,3.85,0.66,-64323.34,64324,45521,583.0,595.0,596.9,580.7,587.03,-1.7526120660599893,-10.399999999999977
JUBLPHARMA,27-FEB-2026 10:00:00,10:12:24,1.39,0.16,-14599.84,14600,11347,878.3,880.0,884.9,876.3,879.49,-0.49847060156339534,-4.400000000000091
JUSTDIAL,27-FEB-2026 10:00:00,10:12:24,5.28,0.93,-76625.07,76626,55033,564.55,578.0,578.05,563.05,568.16,-2.386098383331904,-13.800000000000068
JWL,27-FEB-2026 10:00:00,10:12:24,19.03,7.05,-648837.95,648845,391221,269.0,277.8,278.3,266.5,269.96,-3.132877205617569,-8.699999999999989
JYOTHYLAB,27-FEB-2026 10:00:00,10:12:24,1.63,0.65,-59151.35,59152,33094,249.75,254.38,254.45,249.46,251.18,-1.8201116439971676,-4.6299999999999955
JYOTICNC,27-FEB-2026 10:00:00,10:12:24,6.68,0.81,-65150.19,65151,46983,814.25,835.95,835.95,813.05,819.6,-2.8746943400727645,-24.100000000000023
KAJARIACER,27-FEB-2026 10:00:00,10:12:24,30.31,3.1,-290687.9,290691,92681,967.2,979.35,1004.7,948.15,976.21,0.5091967162007784,4.900000000000091
KARURVYSYA,27-FEB-2026 10:00:00,10:12:25,10.5,3.14,-276719.86,276723,147081,334.05,337.0,338.0,331.5,334.85,-0.6542750929367995,-2.1999999999999886
KEC,27-FEB-2026 10:00:00,10:12:25,3.31,0.56,-48234.44,48235,33821,588.0,594.8,594.8,586.45,589.32,-1.2096774193548463,-7.2000000000000455
KIMS,27-FEB-2026 10:00:00,10:12:25,9.26,1.25,-120731.75,120733,63094,746.0,741.0,755.95,726.5,742.5,0.36324498856451576,2.7000000000000455
KIRLOSBROS,27-FEB-2026 10:00:00,10:12:25,1.75,0.11,-9930.89,9931,6886,1572.0,1593.6,1600.4,1570.7,1587.72,-1.343040040165689,-21.40000000000009
KIRLOSENG,27-FEB-2026 10:00:00,10:12:25,5.27,0.38,-33125.62,33126,21824,1373.7,1396.3,1399.5,1370.4,1380.83,-1.6185633459858133,-22.59999999999991
KIRLPNU,27-FEB-2026 10:00:00,10:12:25,0.51,0.04,-3179.96,3180,2027,1152.4,1144.1,1153.9,1134.2,1142.89,0.52337752965806,6.0
KITEX,27-FEB-2026 10:00:00,10:12:25,3.14,1.72,-127204.28,127206,87277,182.02,184.5,185.0,181.0,182.66,-1.322780006505474,-2.4399999999999977
KNRCON,27-FEB-2026 10:00:00,10:12:26,7.08,5.29,-460248.71,460254,277796,133.09,135.46,135.97,132.49,133.97,-1.0262512084479776,-1.3799999999999955
KPIGREEN,27-FEB-2026 10:00:00,10:12:26,5.49,1.44,-131321.56,131323,64986,380.7,382.0,383.85,378.15,380.79,-0.5875440658049353,-2.25
KPIL,27-FEB-2026 10:00:00,10:12:26,2.52,0.21,-18834.79,18835,9325,1206.5,1194.0,1207.9,1186.5,1198.28,0.8441992644600391,10.099999999999909
KPRMILL,27-FEB-2026 10:00:00,10:12:26,3.29,0.36,-23117.64,23118,13553,906.1,905.1,914.35,903.6,908.13,-0.929368029739777,-8.5
KRBL,27-FEB-2026 10:00:00,10:12:28,1.81,0.53,-45319.47,45320,31075,341.4,346.7,348.7,340.2,342.48,-1.6563445196600894,-5.75
KRN,27-FEB-2026 10:00:00,10:12:27,88.46,8.88,-816581.12,816590,282499,993.0,988.8,1009.0,980.0,996.13,-0.4161861304718425,-4.149999999999977
KSB,27-FEB-2026 10:00:00,10:12:27,102.16,12.88,-1186189.12,1186202,301160,785.0,779.45,807.0,772.5,793.27,0.2106338163017779,1.6499999999999773
KSCL,27-FEB-2026 10:00:00,10:12:27,4.42,0.56,-49125.44,49126,31071,780.8,798.0,805.0,780.0,789.41,-2.1553884711779507,-17.200000000000045
KSL,27-FEB-2026 10:00:00,10:12:27,0.23,0.03,-2945.97,2946,2455,751.15,752.45,755.0,746.35,750.88,-0.17276895474783283,-1.3000000000000682
KTKBANK,27-FEB-2026 10:00:00,10:12:28,5.66,2.78,-234621.22,234624,144942,202.69,205.02,205.85,202.28,203.76,-1.4968168343295973,-3.0800000000000125
LALPATHLAB,27-FEB-2026 10:00:00,10:12:28,8.36,0.6,-49142.4,49143,31480,1396.4,1399.9,1403.9,1377.0,1390.77,-0.6757237356853261,-9.5
LATENTVIEW,27-FEB-2026 10:00:00,10:12:28,5.2,1.54,-139213.46,139215,83286,337.45,335.15,341.0,333.0,337.28,1.1389180278735236,3.8000000000000114
LEMONTREE,27-FEB-2026 10:00:00,10:12:28,7.99,6.87,-588700.13,588707,337569,116.08,116.8,117.59,115.65,116.39,-0.5653589172520102,-0.6599999999999966
LINDEINDIA,27-FEB-2026 10:00:00,10:12:28,4.29,0.06,-5239.94,5240,3693,6840.5,6910.0,6910.5,6823.5,6850.5,-0.7976216372996882,-55.0
LLOYDSENGG,27-FEB-2026 10:00:00,10:12:28,2.44,5.07,-400984.93,400990,273285,48.26,49.03,49.03,47.91,48.18,-1.6707416462917692,-0.8200000000000003
LLOYDSENT,27-FEB-2026 10:00:00,10:12:29,3.48,6.65,-601336.35,601343,372748,52.16,53.3,53.38,51.83,52.3,-2.849692680201157,-1.5300000000000011
LLOYDSME,27-FEB-2026 10:00:00,10:12:29,9.14,0.73,-60321.27,60322,27289,1248.2,1264.0,1268.7,1247.2,1259.24,-1.2812401138880136,-16.200000000000045
LMW,27-FEB-2026 10:00:00,10:12:29,1.14,0.01,-728.99,729,543,15501.0,15500.0,15619.0,15499.0,15508.95,-0.006450780544445878,-1.0
LTFOODS,27-FEB-2026 10:00:00,10:12:29,4.55,1.14,-103386.86,103388,79524,399.55,403.2,405.25,398.4,400.8,-2.0350619100159397,-8.300000000000011
LTTS,27-FEB-2026 10:00:00,10:12:29,10.62,0.32,-28393.68,28394,10557,3355.8,3335.0,3362.9,3312.7,3339.75,1.1575330077771777,38.40000000000009
LUMAXTECH,27-FEB-2026 10:00:00,10:12:29,27.36,1.54,-145875.46,145877,61489,1757.0,1748.2,1812.0,1746.1,1777.08,0.5033748998970343,8.799999999999955
LUXIND,27-FEB-2026 10:00:00,10:12:30,0.42,0.05,-3890.95,3891,2781,901.0,902.6,906.1,898.0,901.63,-0.1772656769333063,-1.6000000000000227
LXCHEM,27-FEB-2026 10:00:00,10:12:30,2.82,2.19,-194767.81,194770,145992,127.66,130.71,131.99,127.4,128.75,-2.333409838573951,-3.0500000000000114
M&MFIN,27-FEB-2026 10:00:00,10:12:30,10.36,2.73,-223656.27,223659,134540,377.55,383.0,384.7,376.6,379.72,-2.353549721970766,-9.099999999999966
MAHABANK,27-FEB-2026 10:00:00,10:12:30,75.26,98.91,-8914741.09,8914840,4239502,75.73,75.62,77.0,75.01,76.09,0.1057501652346309,0.0799999999999983
MAHLIFE,27-FEB-2026 10:00:00,10:12:31,1.27,0.35,-27976.65,27977,19731,360.1,367.4,370.25,357.95,360.89,-2.1600326042657216,-7.949999999999989
MAHSCOOTER,27-FEB-2026 10:00:00,10:12:31,0.73,0.01,-506.99,507,432,13426.0,13600.0,13600.0,13375.0,13409.56,-1.0611643330876934,-144.0
MAHSEAMLES,27-FEB-2026 10:00:00,10:12:31,3.73,0.66,-62997.34,62998,32457,557.35,573.0,573.0,556.0,561.74,-2.038843483610163,-11.600000000000023
MANINFRA,27-FEB-2026 10:00:00,10:12:31,0.49,0.46,-44745.54,44746,27957,106.35,107.5,107.76,106.11,107.03,-1.473040578098947,-1.5900000000000034
MANORAMA,27-FEB-2026 10:00:00,10:12:31,1.44,0.1,-8575.9,8576,5506,1415.9,1434.0,1438.8,1411.1,1423.99,-1.2622036262203562,-18.09999999999991
MANYAVAR,27-FEB-2026 10:00:00,10:12:31,2.58,0.65,-44544.35,44545,29751,392.2,400.05,402.0,391.05,395.9,-1.9622547181602354,-7.850000000000023
MAPMYINDIA,27-FEB-2026 10:00:00,10:12:31,2.85,0.28,-22115.72,22116,13077,1035.1,1049.0,1052.5,1030.3,1037.48,-1.2497614958977423,-13.100000000000136
MARKSANS,27-FEB-2026 10:00:00,10:12:31,1.94,1.11,-94893.89,94895,76927,174.87,175.86,176.22,173.61,174.85,-1.0972230077484293,-1.9399999999999977
MASTEK,27-FEB-2026 10:00:00,10:12:31,3.01,0.19,-17303.81,17304,7085,1583.4,1593.5,1621.9,1576.1,1598.94,-0.2457002457002371,-3.8999999999998636
MAXESTATES,27-FEB-2026 10:00:00,10:12:32,0.24,0.06,-4408.94,4409,3249,401.6,407.85,409.95,400.0,404.3,-0.5325077399380749,-2.1499999999999773
MEDANTA,27-FEB-2026 10:00:00,10:12:32,1.43,0.12,-11238.88,11239,6879,1158.0,1168.0,1168.0,1145.5,1151.91,-0.3184987518292197,-3.7000000000000455
MEDPLUS,27-FEB-2026 10:00:00,10:12:32,1.39,0.16,-16262.84,16263,11758,847.3,847.05,850.0,840.0,846.18,-0.15907617981500297,-1.3500000000000227
METROPOLIS,27-FEB-2026 10:00:00,10:12:32,0.26,0.01,-1157.99,1158,849,1881.9,1889.9,1889.9,1874.0,1877.6,-0.45490610949483784,-8.599999999999909
MGL,27-FEB-2026 10:00:00,10:12:32,6.03,0.5,-43873.5,43874,27967,1209.0,1200.0,1211.0,1195.7,1206.45,0.42362322452030143,5.099999999999909
MIDHANI,27-FEB-2026 10:00:00,10:12:33,1.42,0.41,-33446.59,33447,24795,348.0,351.55,353.8,347.1,350.05,-1.4583038368964967,-5.149999999999977
MINDACORP,27-FEB-2026 10:00:00,10:12:35,2.58,0.46,-41146.54,41147,34688,561.3,573.75,573.75,560.0,562.64,-1.9477683640492776,-11.150000000000091
MMTC,27-FEB-2026 10:00:00,10:12:33,9.9,15.84,-925889.16,925905,467098,62.17,61.25,63.95,60.8,62.54,1.3696396543290452,0.8400000000000034
MOIL,27-FEB-2026 10:00:00,10:12:33,3.34,1.09,-95701.91,95703,59760,305.6,307.85,307.85,304.5,305.45,-0.8757703535517316,-2.6999999999999886
MOTILALOFS,27-FEB-2026 10:00:00,10:12:34,13.75,1.91,-175770.09,175772,128919,716.2,729.95,729.95,715.1,720.08,-2.0380248939953463,-14.899999999999977
MRF,27-FEB-2026 10:00:00,10:12:33,23.14,0.02,-1404.98,1405,822,143460.0,144000.0,144700.0,143300.0,144001.34,-0.04180602006688963,-60.0
MRPL,27-FEB-2026 10:00:00,10:12:34,33.28,16.8,-1444333.2,1444350,612209,197.9,197.0,199.49,196.2,198.12,0.3855128335193362,0.7600000000000193
MSTCLTD,27-FEB-2026 10:00:00,10:12:34,7.43,1.61,-156015.39,156017,66979,459.2,456.1,467.45,455.95,461.39,1.6154016375304299,7.300000000000011
MSUMI,27-FEB-2026 10:00:00,10:12:34,4.74,11.17,-949575.83,949587,716181,42.22,42.83,43.0,42.15,42.4,-1.608016779305518,-0.6899999999999977
MTARTECH,27-FEB-2026 10:00:00,10:12:34,27.33,0.74,-69616.26,69617,27686,3695.9,3699.0,3755.2,3675.0,3713.46,0.3393603735678992,12.5
NAM-INDIA,27-FEB-2026 10:00:00,10:12:34,10.93,1.17,-111976.83,111978,83599,932.0,940.2,942.6,928.65,932.79,-1.2345679012345656,-11.649999999999977
NATCOPHARM,27-FEB-2026 10:00:00,10:12:34,82.63,8.34,-728372.66,728381,317439,989.6,969.0,999.0,960.0,990.52,1.7949904850074625,17.450000000000045
NAVA,27-FEB-2026 10:00:00,10:12:35,6.21,1.04,-96820.96,96822,75443,596.05,604.9,604.9,592.4,596.49,-0.8318775476249896,-5.0
NAVINFLUOR,27-FEB-2026 10:00:00,10:12:35,38.87,0.61,-56176.39,56177,34994,6321.0,6470.0,6470.5,6289.5,6330.51,-2.5213971778857274,-163.5
NAZARA,27-FEB-2026 10:00:00,10:12:35,14.73,5.57,-551658.43,551664,490485,265.55,265.5,267.95,263.45,264.23,0.22645782223061814,0.6000000000000227
NEOGEN,27-FEB-2026 10:00:00,10:12:35,10.19,0.69,-58683.31,58684,26852,1468.1,1456.0,1488.9,1446.3,1467.77,1.1645534729878626,16.899999999999864
NESCO,27-FEB-2026 10:00:00,10:12:35,0.53,0.05,-4396.95,4397,3017,1139.1,1145.7,1150.6,1136.2,1141.75,-0.9994785329393361,-11.5
NETWEB,27-FEB-2026 10:00:00,10:12:35,544.1,14.53,-1342707.47,1342722,513165,3718.8,3780.0,3812.0,3688.0,3745.85,0.5733448723496396,21.200000000000273
NETWORK18,27-FEB-2026 10:00:00,10:12:36,4.23,12.69,-1075200.31,1075213,655125,33.53,33.9,33.93,32.95,33.32,0.4192872117400436,0.14000000000000057
NEULANDLAB,27-FEB-2026 10:00:00,10:12:36,22.93,0.18,-16487.82,16488,9541,12890.0,13303.0,13303.0,12821.0,12947.8,-2.378067252347773,-314.0
NEWGEN,27-FEB-2026 10:00:00,10:12:36,79.17,15.36,-1466031.64,1466047,417393,513.4,522.0,524.0,509.0,515.54,-0.8688936088047886,-4.5
NFL,27-FEB-2026 10:00:00,10:12:36,1.1,1.43,-123506.57,123508,94019,76.8,77.3,77.42,76.55,76.89,-0.8008266597778411,-0.6200000000000045
NH,27-FEB-2026 10:00:00,10:12:36,5.63,0.31,-25759.69,25760,15449,1839.9,1853.0,1856.5,1833.7,1843.49,-0.6211515609808793,-11.5
NIACL,27-FEB-2026 10:00:00,10:12:36,1.07,0.72,-66774.28,66775,55937,147.95,148.99,149.04,147.18,147.85,-0.684701617775398,-1.0200000000000102
NIFTY TOTAL MARKET,0,10:12:44,0.0,0.0,0.0,0,0,0.0,0.0,0.0,0.0,0.0,0.0,0.0
NIVABUPA,27-FEB-2026 10:00:00,10:12:37,1.04,1.35,-112926.65,112928,97191,76.27,76.48,76.8,76.1,76.44,-0.2745815899581694,-0.21000000000000796
NLCINDIA,27-FEB-2026 10:00:00,10:12:37,6.6,2.54,-219924.46,219927,131627,259.7,261.35,261.5,259.0,260.2,-1.028963414634142,-2.6999999999999886
NSLNISP,27-FEB-2026 10:00:00,10:12:37,3.48,8.66,-686178.34,686187,430681,40.3,40.54,40.54,39.84,40.19,-0.0991571641051221,-0.04000000000000625
NTPCGREEN,27-FEB-2026 10:00:00,10:12:37,3.09,3.44,-303442.56,303446,212981,89.61,90.23,90.23,89.5,89.76,-0.6430868167202554,-0.5799999999999983
NUVOCO,27-FEB-2026 10:00:00,10:12:38,2.15,0.66,-58033.34,58034,43970,322.85,330.0,331.45,322.05,325.35,-2.697408077154909,-8.949999999999989
OLAELEC,27-FEB-2026 10:00:00,10:12:38,44.18,176.0,-16084524.0,16084700,5940672,25.17,25.12,25.34,24.78,25.1,0.15917230401911142,0.0400000000000027
OLECTRA,27-FEB-2026 10:00:00,10:12:38,6.3,0.63,-58851.37,58852,29987,1004.0,1009.4,1014.1,1000.4,1005.4,-0.5349712700614204,-5.399999999999977
ONESOURCE,27-FEB-2026 10:00:00,10:12:38,3.2,0.24,-21485.76,21486,13528,1313.9,1332.0,1332.0,1299.8,1307.97,-0.6653058138655745,-8.799999999999955
OPTIEMUS,27-FEB-2026 10:00:00,10:12:38,0.35,0.08,-5806.92,5807,3334,412.05,412.1,414.55,410.0,411.89,-0.5070626584570725,-2.099999999999966
ORCHPHARMA,27-FEB-2026 10:00:00,10:12:38,1.01,0.16,-8387.84,8388,6502,620.2,625.0,625.95,618.0,620.67,-1.1712214166201753,-7.349999999999909
ORIENTCEM,27-FEB-2026 10:00:00,10:12:38,1.22,0.78,-61726.22,61727,49593,155.02,157.5,157.51,154.8,155.9,-1.6931955101781897,-2.6699999999999875
OSWALPUMPS,27-FEB-2026 10:00:00,10:12:38,3.43,1.08,-91007.92,91009,57570,317.7,321.0,321.45,316.5,318.2,-1.1204481792717158,-3.6000000000000227
PARADEEP,27-FEB-2026 10:00:00,10:12:39,8.8,7.46,-635681.54,635689,277347,117.47,118.96,119.2,117.05,117.92,-1.7316379454575936,-2.0700000000000074
PARAS,27-FEB-2026 10:00:00,10:12:39,5.01,0.78,-70718.22,70719,34969,634.15,639.5,645.45,633.1,639.54,-0.45522329487481006,-2.8999999999999773
PARKHOTELS,27-FEB-2026 10:00:00,10:12:39,1.16,0.95,-76415.05,76416,56788,122.0,121.75,123.5,121.0,121.92,-0.40816326530612246,-0.5
PATELENG,27-FEB-2026 10:00:00,10:12:39,1.51,5.44,-464986.56,464992,330209,27.77,28.0,28.0,27.62,27.75,-0.7859949982136438,-0.21999999999999886
PCBL,27-FEB-2026 10:00:00,10:12:39,11.55,3.82,-362671.18,362675,193716,302.65,301.9,305.0,298.3,302.77,0.7154742096505748,2.1499999999999773
PCJEWELLER,27-FEB-2026 10:00:00,10:12:39,4.51,45.19,-4253832.81,4253878,2971432,9.98,10.04,10.04,9.96,9.99,-0.4985044865403683,-0.049999999999998934
PFIZER,27-FEB-2026 10:00:00,10:12:40,1.43,0.03,-2361.97,2362,1334,5133.0,5091.0,5134.3,5060.0,5105.46,0.8210245128849816,41.80000000000018
PGHH,27-FEB-2026 10:00:00,10:12:40,0.47,0.0,-408.0,408,239,11455.0,11453.0,11470.0,11411.0,11452.2,0.017462673535318256,2.0
PGIL,27-FEB-2026 10:00:00,10:12:41,1.54,0.1,-5951.9,5952,2463,1549.1,1550.6,1562.2,1541.9,1549.81,-0.27039206849932695,-4.2000000000000455
PNCINFRA,27-FEB-2026 10:00:00,10:12:41,1.37,0.65,-55724.35,55725,37641,209.3,212.99,212.99,208.29,209.51,-1.11966740681248,-2.369999999999976
PNGJL,27-FEB-2026 10:00:00,10:12:41,1.46,0.26,-25130.74,25131,15278,551.5,544.0,556.85,544.0,551.66,1.285583103764922,7.0
POLYMED,27-FEB-2026 10:00:00,10:12:41,6.65,0.53,-45197.47,45198,34638,1238.6,1260.5,1260.5,1236.2,1243.94,-1.5968856756971586,-20.100000000000136
POLYPLEX,27-FEB-2026 10:00:00,10:12:41,86.08,9.43,-677908.57,677918,187557,913.9,839.0,929.0,839.0,912.98,8.862418106015483,74.39999999999998
POONAWALLA,27-FEB-2026 10:00:00,10:12:41,9.2,2.0,-188923.0,188925,101547,461.3,464.0,464.0,455.6,459.2,-0.6247307195174445,-2.8999999999999773
POWERMECH,27-FEB-2026 10:00:00,10:12:41,3.1,0.15,-10816.85,10817,7812,2086.5,2125.0,2125.0,2080.2,2091.42,-1.384818981000103,-29.300000000000182
PRAJIND,27-FEB-2026 10:00:00,10:12:41,128.57,39.47,-3590521.53,3590561,1087128,329.9,312.85,332.0,309.0,325.78,6.385037084811336,19.799999999999955
PREMIERENE,27-FEB-2026 10:00:00,10:12:42,29.68,4.08,-337692.92,337697,146438,732.95,725.25,733.7,720.5,726.89,1.0617028610823915,7.7000000000000455
PRICOLLTD,27-FEB-2026 10:00:00,10:12:42,3.66,0.6,-50613.4,50614,28012,607.85,617.7,619.1,605.25,611.81,-1.5946252225999713,-9.850000000000023
PRINCEPIPE,27-FEB-2026 10:00:00,10:12:42,0.34,0.14,-13242.86,13243,8689,251.56,251.01,254.95,250.16,252.04,0.09151315004177367,0.22999999999998977
PRIVISCL,27-FEB-2026 10:00:00,10:12:42,1.97,0.07,-5803.93,5804,4010,2971.1,2997.0,2997.0,2970.0,2980.2,-0.8708127585746668,-26.09999999999991
PRSMJOHNSN,27-FEB-2026 10:00:00,10:12:42,0.4,0.32,-31017.68,31018,24035,125.34,125.05,125.9,124.75,125.16,-0.642092746730085,-0.8100000000000023
PRUDENT,27-FEB-2026 10:00:00,10:12:42,1.18,0.05,-4067.95,4068,2452,2414.0,2451.3,2465.0,2395.1,2418.73,-2.227622519238558,-55.0
PTC,27-FEB-2026 10:00:00,10:12:42,4.06,2.46,-227779.54,227782,135884,165.59,163.0,166.8,163.0,165.53,0.9941449133935079,1.6299999999999955
PTCIL,27-FEB-2026 10:00:00,10:12:43,2.94,0.02,-1097.98,1098,944,17960.0,17949.0,18000.0,17821.0,17915.26,0.061284751239623375,11.0
PURVA,27-FEB-2026 10:00:00,10:12:43,2.89,1.42,-124341.58,124343,83733,201.91,206.76,206.77,201.26,203.6,-2.3457148384600477,-4.849999999999994
PVRINOX,27-FEB-2026 10:00:00,10:12:43,2.01,0.2,-15994.8,15995,10343,1030.8,1030.7,1034.8,1027.0,1030.42,-0.15014287789993264,-1.5499999999999545
QUESS,27-FEB-2026 10:00:00,10:12:43,0.54,0.28,-24687.72,24688,20251,193.72,195.19,196.45,192.58,193.36,-0.25744001647616105,-0.5
RADICO,27-FEB-2026 10:00:00,10:12:43,14.43,0.54,-51574.46,51575,33996,2646.9,2695.5,2695.5,2629.8,2655.34,-1.9957049763033208,-53.90000000000009
RAILTEL,27-FEB-2026 10:00:00,10:12:44,6.77,2.17,-196891.83,196894,125032,311.5,314.0,314.0,310.95,312.41,-0.3518873960332766,-1.1000000000000227
RAIN,27-FEB-2026 10:00:00,10:12:44,19.2,12.67,-1128397.33,1128410,701262,149.3,154.0,157.0,149.04,151.52,-3.378203468806626,-5.219999999999999
RAINBOW,27-FEB-2026 10:00:00,10:12:44,1.77,0.15,-12835.85,12836,7286,1204.0,1219.9,1219.9,1191.4,1200.31,-0.31462162609703215,-3.7999999999999545
RAJESHEXPO,-,10:12:44,1.0,0.68,0.68,0,0,146.21,150.0,153.0,146.02,147.91,-3.165772567719717,-4.780000000000001
RALLIS,27-FEB-2026 10:00:00,10:12:44,2.46,0.9,-64051.1,64052,38234,275.0,274.35,276.35,272.1,274.15,-0.12711094970038958,-0.35000000000002274
RAMCOCEM,27-FEB-2026 10:00:00,10:12:45,1.94,0.17,-12922.83,12923,8207,1127.0,1149.0,1149.0,1124.9,1130.29,-1.1576916330468379,-13.200000000000045
RATEGAIN,27-FEB-2026 10:00:00,10:12:45,2.97,0.57,-52036.43,52037,30662,517.9,517.0,524.35,515.2,518.8,1.0240905100946065,5.25
RATNAMANI,27-FEB-2026 10:00:00,10:12:45,0.94,0.04,-3617.96,3618,2037,2366.5,2370.0,2389.5,2345.1,2365.15,0.08458447874814971,2.0
RAYMONDLSL,27-FEB-2026 10:00:00,10:12:45,0.5,0.06,-4781.94,4782,3069,894.0,892.7,899.5,888.2,894.07,-0.5119074115290477,-4.600000000000023
RBA,27-FEB-2026 10:00:00,10:12:45,2.35,3.7,-345232.3,345236,276656,63.6,63.64,63.7,63.35,63.55,-0.04714757190004893,-0.030000000000001137
RCF,27-FEB-2026 10:00:00,10:12:45,2.78,2.2,-200718.8,200721,145389,125.89,127.44,127.44,125.6,126.3,-1.5484476421365478,-1.980000000000004
REDINGTON,27-FEB-2026 10:00:00,10:12:45,382.85,144.78,-10718553.22,10718698,3128722,271.1,244.55,271.3,244.0,264.43,10.856675526477206,26.55000000000001
REFEX,27-FEB-2026 10:00:00,10:12:45,3.38,1.52,-125005.48,125007,68662,224.17,225.38,226.34,221.8,223.13,-0.9412284577993918,-2.130000000000024
RELAXO,27-FEB-2026 10:00:00,10:12:46,0.46,0.13,-11685.87,11686,7514,350.7,354.0,354.15,349.75,351.44,-0.9741634900465873,-3.4499999999999886
RELIGARE,27-FEB-2026 10:00:00,10:12:46,3.86,1.85,-109172.15,109174,91906,212.5,208.1,212.63,207.1,209.16,1.3932627159080004,2.9199999999999875
RELINFRA,-,10:12:46,2.64,2.85,2.85,0,0,92.0,93.5,94.0,91.2,92.66,-2.012993929065929,-1.8900000000000006
RENUKA,27-FEB-2026 10:00:00,10:12:46,7.22,29.8,-2752696.2,2752726,1479279,24.23,24.25,24.67,23.83,24.23,1.0846891948268735,0.26000000000000156
RHIM,27-FEB-2026 10:00:00,10:12:46,1.62,0.37,-33585.63,33586,23793,437.4,439.65,442.8,434.6,438.59,-0.511770726714432,-2.25
RITES,27-FEB-2026 10:00:00,10:12:46,2.4,1.12,-89594.88,89596,60232,213.7,215.88,215.88,213.25,214.09,-0.8950517089458827,-1.9300000000000068
RKFORGE,27-FEB-2026 10:00:00,10:12:46,1.61,0.3,-23025.7,23026,13980,548.2,542.3,548.3,542.0,545.85,0.4489234997709657,2.4500000000000455
ROUTE,27-FEB-2026 10:00:00,10:12:46,3.43,0.68,-60518.32,60519,28201,506.55,502.3,513.25,498.8,506.47,0.8661887694145803,4.350000000000023
RPOWER,27-FEB-2026 10:00:00,10:12:47,26.45,106.19,-9114449.81,9114556,4562196,24.68,25.01,25.3,24.67,24.91,-2.2187004754358113,-0.5599999999999987
RRKABEL,27-FEB-2026 10:00:00,10:12:47,57.49,3.68,-312027.32,312031,133342,1554.7,1539.0,1578.2,1520.8,1561.59,2.336756187467088,35.5
RTNINDIA,27-FEB-2026 10:00:00,10:12:47,3.6,12.04,-1019926.96,1019939,692267,29.61,30.25,30.28,29.57,29.88,-1.7910447761194004,-0.5399999999999991
RTNPOWER,27-FEB-2026 10:00:00,10:12:47,1.49,17.99,-1565696.01,1565714,946667,8.24,8.3,8.34,8.23,8.27,-0.6031363088057773,-0.049999999999998934
SAFARI,27-FEB-2026 10:00:00,10:12:47,1.06,0.06,-4722.94,4723,2868,1829.0,1859.3,1859.3,1816.6,1833.68,-1.629645565535414,-30.299999999999955
SAGILITY,27-FEB-2026 10:00:00,10:12:48,45.77,114.42,-10353550.58,10353665,5983171,40.08,40.4,40.56,39.68,40.0,-0.74294205052007,-0.30000000000000426
SAILIFE,27-FEB-2026 10:00:00,10:12:48,39.86,4.06,-362844.94,362849,194045,987.4,962.05,992.3,956.0,982.13,2.3742871954380482,22.899999999999977
SAMHI,27-FEB-2026 10:00:00,10:12:48,2.18,1.34,-97124.66,97126,69132,162.57,164.01,164.02,161.3,162.67,-1.5085423482370102,-2.490000000000009
SANDUMA,27-FEB-2026 10:00:00,10:12:48,15.26,6.95,-647914.05,647921,311518,217.63,222.0,222.04,216.77,219.59,-1.0187838268067537,-2.240000000000009
SANOFI,27-FEB-2026 10:00:00,10:12:48,3.36,0.08,-7203.92,7204,5034,4027.7,4016.0,4046.4,3990.0,4021.79,0.30881876821158155,12.399999999999636
SANOFICONR,27-FEB-2026 10:00:00,10:12:48,61.06,1.3,-121590.7,121592,27229,4608.1,4622.0,4786.0,4591.5,4692.02,0.9574095171326075,43.70000000000073
SANSERA,27-FEB-2026 10:00:00,10:12:49,7.01,0.3,-27038.7,27039,13506,2316.5,2299.8,2325.9,2278.4,2311.35,1.2013979903888161,27.5
SAPPHIRE,27-FEB-2026 10:00:00,10:12:49,1.6,0.78,-72185.22,72186,48715,206.0,208.82,209.01,203.67,205.49,-0.8566753296756191,-1.7800000000000011
SARDAEN,27-FEB-2026 10:00:00,10:12:49,28.47,5.32,-491721.68,491727,223422,537.45,518.9,542.4,515.95,534.91,3.5748699171324088,18.550000000000068
SAREGAMA,27-FEB-2026 10:00:00,10:12:49,1.1,0.34,-28007.66,28008,21288,326.0,329.75,330.05,323.6,325.36,-1.1372251705837757,-3.75
SBFC,27-FEB-2026 10:00:00,10:12:49,1.48,1.55,-119009.45,119011,86415,94.98,96.45,96.69,94.83,95.47,-2.0117610646858584,-1.9500000000000028
SCHAEFFLER,27-FEB-2026 10:00:00,10:12:49,37.06,0.84,-67287.16,67288,29846,4417.9,4345.0,4443.8,4284.0,4404.57,1.6380242482803005,71.19999999999982
SCHNEIDER,-,10:12:49,1.09,0.12,0.12,0,0,894.8,897.8,897.8,878.05,888.62,-0.372988921672329,-3.3500000000000227
SCI,27-FEB-2026 10:00:00,10:12:49,13.91,5.22,-441904.78,441910,245872,265.23,268.4,268.75,264.55,266.51,-1.1073825503355597,-2.9699999999999704
SENCO,27-FEB-2026 10:00:00,10:12:50,3.15,1.01,-92072.99,92074,52743,314.45,316.1,316.15,311.4,313.18,-0.5062490112324072,-1.6000000000000227
SEQUENT,0,10:12:57,0.0,0.0,0.0,0,0,0.0,0.0,0.0,0.0,0.0,0.0,0.0
SFL,27-FEB-2026 10:00:00,10:12:50,0.53,0.1,-7701.9,7702,5662,549.5,551.5,552.95,547.45,550.06,-0.6778129236330772,-3.75
SHAILY,27-FEB-2026 10:00:00,10:12:50,8.39,0.43,-39271.57,39272,25777,1942.3,1981.0,1989.0,1933.6,1946.51,-2.406793287106828,-47.90000000000009
SHAKTIPUMP,27-FEB-2026 10:00:00,10:12:50,11.38,2.2,-202942.8,202945,128792,516.9,528.0,528.0,514.15,518.07,-1.87927107061503,-9.899999999999977
SHARDACROP,27-FEB-2026 10:00:00,10:12:50,15.08,1.26,-112065.74,112067,62992,1187.4,1184.3,1218.0,1173.2,1200.18,0.7124681933842316,8.400000000000091
SHARDAMOTR,27-FEB-2026 10:00:00,10:12:50,0.77,0.08,-7458.92,7459,5305,938.45,950.0,959.15,935.85,945.12,-1.4595474352916444,-13.899999999999977
SHAREINDIA,27-FEB-2026 10:00:00,10:12:50,1.04,0.79,-65539.21,65540,26325,131.98,132.5,133.38,131.4,132.06,-1.301226443314395,-1.740000000000009
SHILPAMED,27-FEB-2026 10:00:00,10:12:50,1.72,0.52,-47588.48,47589,30079,333.0,338.0,339.7,331.75,334.14,-1.9867549668874174,-6.75
SHRIPISTON,27-FEB-2026 10:00:00,10:12:51,3.75,0.12,-11300.88,11301,6498,3095.9,3173.6,3173.6,3073.6,3098.94,-1.6050088990592422,-50.5
SHYAMMETL,27-FEB-2026 10:00:00,10:12:51,0.8,0.09,-8114.91,8115,5350,853.0,854.05,856.35,849.05,851.79,-0.39119518888305277,-3.3500000000000227
SIGNATURE,27-FEB-2026 10:00:00,10:12:51,4.91,0.52,-45723.48,45724,6752,940.1,957.3,957.3,933.1,938.17,-1.0629341191328165,-10.100000000000023
SJVN,27-FEB-2026 10:00:00,10:12:51,5.63,7.62,-715017.38,715025,322444,73.88,74.07,74.25,73.42,73.86,-0.24304617877397625,-0.18000000000000682
SKFINDIA,27-FEB-2026 10:00:00,10:12:51,2.05,0.12,-9848.88,9849,5794,1781.0,1801.5,1801.5,1761.7,1774.85,-0.5583472920156337,-10.0
SKIPPER,27-FEB-2026 10:00:00,10:12:52,1.06,0.29,-25936.71,25937,18701,365.25,367.0,368.95,364.5,366.59,-0.976006506710051,-3.6000000000000227
SKYGOLD,27-FEB-2026 10:00:00,10:12:51,5.59,1.53,-141246.47,141248,70392,365.15,360.15,369.9,360.15,365.43,1.4023882254929059,5.0499999999999545
SOBHA,27-FEB-2026 10:00:00,10:12:52,3.18,0.22,-20263.78,20264,11035,1439.4,1443.1,1443.1,1420.0,1429.69,-0.027781636338370854,-0.3999999999998636
SONATSOFTW,27-FEB-2026 10:00:00,10:12:52,6.08,2.23,-196053.77,196056,71890,272.55,271.95,275.7,269.95,272.08,0.590514855139333,1.6000000000000227
SOUTHBANK,27-FEB-2026 10:00:00,10:12:53,10.39,24.96,-2246217.04,2246242,1199844,41.61,41.7,41.84,41.35,41.6,-0.28756290438532817,-0.11999999999999744
SPARC,27-FEB-2026 10:00:00,10:12:53,0.58,0.45,-39180.55,39181,31602,127.88,128.43,129.0,127.11,128.08,-0.4282488515144525,-0.5500000000000114
STAR,27-FEB-2026 10:00:00,10:12:53,2.69,0.31,-24471.69,24472,19258,854.65,865.0,866.0,854.3,857.78,-0.9905004633920375,-8.550000000000068
STARCEMENT,27-FEB-2026 10:00:00,10:12:53,1.55,0.72,-54222.28,54223,41680,215.11,218.13,218.13,214.93,215.9,-0.5731453663045901,-1.2399999999999807
STARHEALTH,27-FEB-2026 10:00:00,10:12:53,1.48,0.31,-27370.69,27371,18751,472.35,476.0,476.5,468.9,471.25,-0.3586119607636301,-1.6999999999999886
STLTECH,27-FEB-2026 10:00:00,10:12:53,15.25,9.22,-728608.78,728618,408107,166.94,164.99,167.49,163.5,165.35,1.458611887686888,2.4000000000000057
STYRENIX,27-FEB-2026 10:00:00,10:12:53,0.19,0.01,-910.99,911,732,1907.0,1920.9,1920.9,1905.0,1911.35,-0.7236191368629336,-13.900000000000091
SUBROS,27-FEB-2026 10:00:00,10:12:53,0.45,0.06,-4363.94,4364,3165,797.05,805.9,805.9,795.15,797.44,-0.536594496786681,-4.300000000000068
SUDARSCHEM,27-FEB-2026 10:00:00,10:12:54,3.03,0.34,-32997.66,32998,29269,877.05,886.5,892.8,869.8,880.45,-1.0548285198555984,-9.350000000000023
SUMICHEM,27-FEB-2026 10:00:00,10:12:54,0.83,0.21,-15816.79,15817,7353,402.4,406.45,406.5,401.0,403.08,-0.55603608056345,-2.25
SUNDARMFIN,27-FEB-2026 10:00:00,10:12:54,4.91,0.09,-7573.91,7574,4754,5473.5,5470.5,5473.5,5391.5,5434.47,-0.3640666241922272,-20.0
SUNDRMFAST,27-FEB-2026 10:00:00,10:12:54,1.11,0.12,-8262.88,8263,5342,898.9,909.5,918.45,896.0,902.55,-1.1709086911109865,-10.649999999999977
SUNFLAG,27-FEB-2026 10:00:00,10:12:54,0.42,0.17,-15376.83,15377,11596,246.74,247.41,249.19,246.11,247.32,-0.9871589085072149,-2.4599999999999795
SUNTECK,27-FEB-2026 10:00:00,10:12:54,0.56,0.14,-13177.86,13178,9339,407.8,412.95,412.95,406.3,408.5,-1.9593701166005475,-8.149999999999977
SUNTV,27-FEB-2026 10:00:00,10:12:54,33.99,5.35,-463344.65,463350,169917,635.85,611.0,646.95,609.75,635.82,3.9990186457311165,24.450000000000045
SUPRIYA,27-FEB-2026 10:00:00,10:12:55,1.08,0.16,-13050.84,13051,9434,657.45,660.0,662.55,655.05,657.75,-0.7772411711439748,-5.149999999999977
SURYAROSNI,27-FEB-2026 10:00:00,10:12:55,1.34,0.6,-52400.4,52401,43658,221.16,223.4,224.05,221.0,222.12,-1.1531241619737251,-2.5800000000000125
SWANCORP,27-FEB-2026 10:00:00,10:12:55,7.62,2.03,-182449.97,182452,82236,378.0,375.0,378.95,370.8,375.95,1.218369259606376,4.550000000000011
SWIGGY,27-FEB-2026 10:00:00,10:12:55,33.26,10.86,-833721.14,833732,488028,305.55,308.0,308.0,305.0,306.28,-0.48851978505129456,-1.5
SWSOLAR,27-FEB-2026 10:00:00,10:12:55,6.82,3.42,-253917.58,253921,151276,197.29,200.56,201.7,196.43,199.11,-1.777357363337659,-3.5700000000000216
SYMPHONY,27-FEB-2026 10:00:00,10:12:56,8.07,0.96,-75876.04,75877,41102,835.2,840.0,843.4,831.1,837.66,-0.10166856049278261,-0.849999999999909
SYRMA,27-FEB-2026 10:00:00,10:12:56,18.6,2.24,-214147.76,214150,102649,828.75,832.0,843.85,824.75,832.35,-0.5698860227954409,-4.75
TANLA,27-FEB-2026 10:00:00,10:12:56,5.9,1.28,-115688.72,115690,81793,460.0,465.0,465.0,458.4,461.05,-1.9189765458422177,-9.0
TARC,27-FEB-2026 10:00:00,10:12:56,0.53,0.35,-33492.65,33493,21254,148.25,151.0,151.01,148.1,148.96,-1.0545284655943485,-1.5800000000000125
TARIL,27-FEB-2026 10:00:00,10:12:57,56.37,17.91,-1644183.09,1644201,654962,312.98,312.0,318.92,310.0,314.76,0.35269975631653927,1.1000000000000227
TATACHEM,27-FEB-2026 10:00:00,10:12:57,4.66,0.66,-59347.34,59348,40899,708.3,716.8,718.0,707.2,710.71,-1.0823266531666784,-7.75
TATACOMM,27-FEB-2026 10:00:00,10:12:57,6.03,0.37,-33014.63,33015,19030,1625.2,1660.6,1661.0,1620.2,1632.1,-2.1140757694392525,-35.09999999999991
TATAINVEST,27-FEB-2026 10:00:00,10:12:57,28.88,4.38,-378128.62,378133,165069,649.25,654.75,674.95,646.8,658.55,-0.8627271339135711,-5.649999999999977
TBOTEK,27-FEB-2026 10:00:00,10:12:57,5.13,0.41,-37083.59,37084,21169,1251.6,1251.0,1255.2,1224.1,1243.11,-0.38204393505254547,-4.800000000000182
TDPOWERSYS,27-FEB-2026 10:00:00,10:12:57,49.78,5.45,-498422.55,498428,215184,911.95,880.0,922.0,875.6,913.17,3.4484714423458787,30.40000000000009
TEAMLEASE,27-FEB-2026 10:00:00,10:12:57,1.07,0.09,-8291.91,8292,5006,1215.0,1219.0,1229.3,1202.0,1211.12,-0.31996062023136357,-3.900000000000091
TECHNOE,27-FEB-2026 10:00:00,10:12:57,5.53,0.47,-39252.53,39253,25943,1182.8,1184.35,1185.0,1170.1,1178.37,0.36487059821806994,4.2999999999999545
TEGA,27-FEB-2026 10:00:00,10:12:58,4.25,0.23,-20847.77,20848,14383,1848.4,1844.9,1857.8,1839.2,1849.31,0.0920561000703983,1.7000000000000455
TEJASNET,27-FEB-2026 10:00:00,10:12:58,1365.56,341.87,-26516400.13,26516742,5932815,409.0,387.8,410.0,387.8,399.44,10.227732111575257,37.94999999999999
TEXRAIL,27-FEB-2026 10:00:00,10:12:58,4.11,3.92,-326657.08,326661,190053,104.59,105.6,105.6,104.2,104.82,-0.984568777809327,-1.039999999999992
THANGAMAYL,27-FEB-2026 10:00:00,10:12:58,9.93,0.25,-22760.75,22761,9179,3918.7,3912.9,3944.7,3870.0,3904.76,0.25327466230044093,9.899999999999636
THELEELA,27-FEB-2026 10:00:00,10:13:01,1.57,0.36,-33702.64,33703,19414,435.35,450.0,450.0,430.2,435.92,-1.2811791383219904,-5.649999999999977
THERMAX,27-FEB-2026 10:00:00,10:12:58,5.74,0.18,-16745.82,16746,12076,3102.0,3147.6,3148.0,3095.2,3111.95,-2.526395173454,-80.40000000000009
THOMASCOOK,27-FEB-2026 10:00:00,10:12:58,1.75,1.69,-162114.31,162116,84317,103.4,105.8,105.8,102.06,103.0,-1.4299332697807434,-1.5
THYROCARE,27-FEB-2026 10:00:00,10:12:58,3.41,0.85,-80023.15,80024,48650,401.65,396.75,406.4,396.65,402.34,0.6641604010025006,2.6499999999999773
TI,27-FEB-2026 10:00:00,10:12:59,3.09,0.69,-53358.31,53359,35842,453.2,449.05,454.0,447.05,451.12,0.44326241134751776,2.0
TIMETECHNO,27-FEB-2026 10:00:00,10:12:59,5.12,2.74,-239490.26,239493,147189,184.83,190.85,190.85,184.6,187.02,-1.502797761790564,-2.819999999999993
TIMKEN,27-FEB-2026 10:00:00,10:12:59,5.44,0.16,-12725.84,12726,7674,3417.4,3379.0,3425.0,3328.0,3402.43,1.762849145375507,59.20000000000027
TIPSMUSIC,27-FEB-2026 10:00:00,10:13:00,0.6,0.11,-10573.89,10574,5997,545.05,541.95,546.9,539.0,542.65,1.0287303058387312,5.5499999999999545
TRANSRAILL,27-FEB-2026 10:00:00,10:12:59,2.54,0.46,-41720.54,41721,24073,552.6,558.0,558.45,551.2,554.0,-1.0652582579894248,-5.949999999999932
TRIDENT,27-FEB-2026 10:00:00,10:12:59,2.91,11.44,-967789.56,967801,615620,25.47,25.62,25.62,25.35,25.46,-0.5854800936768233,-0.15000000000000213
TRITURBINE,27-FEB-2026 10:00:00,10:12:59,2.24,0.46,-38306.54,38307,25719,489.45,493.4,495.1,489.15,491.25,-1.3006654567453093,-6.449999999999989
TRIVENI,27-FEB-2026 10:00:00,10:13:00,4.85,1.22,-95539.78,95541,56645,399.65,399.9,401.15,393.4,397.94,1.0365314119580245,4.099999999999966
TSFINV,27-FEB-2026 10:00:00,10:13:00,0.27,0.07,-5662.93,5663,4617,405.2,411.85,412.5,405.0,407.76,-2.1019569944431,-8.699999999999989
TTML,27-FEB-2026 10:00:00,10:13:00,1.04,2.51,-226883.49,226886,172268,41.33,41.89,41.99,41.26,41.49,-1.3368345667223736,-0.5600000000000023
TVSSCS,-,10:13:01,0.31,0.27,0.27,0,0,113.9,114.0,114.95,113.0,113.38,-0.32379452174673173,-0.36999999999999034
UBL,27-FEB-2026 10:00:00,10:13:01,0.69,0.04,-3977.96,3978,2978,1588.0,1594.2,1598.5,1586.6,1591.46,-0.3889097980178174,-6.2000000000000455
UCOBANK,27-FEB-2026 10:00:00,10:13:01,10.96,36.73,-3464824.27,3464861,1592078,29.7,29.8,30.15,29.6,29.84,-0.4358028830036842,-0.129999999999999
UJJIVANSFB,27-FEB-2026 10:00:00,10:13:01,12.87,21.11,-1894988.89,1895010,1121133,60.68,61.56,61.56,60.46,60.96,-1.4935064935064963,-0.9200000000000017
UNIMECH,27-FEB-2026 10:00:00,10:13:01,0.81,0.09,-8480.91,8481,6688,885.0,909.8,909.8,879.75,885.56,-1.5682349015682373,-14.100000000000023
USHAMART,27-FEB-2026 10:00:00,10:13:01,2.23,0.53,-47353.47,47354,24541,420.9,423.6,423.6,417.5,419.86,-1.11594032655938,-4.75
UTIAMC,27-FEB-2026 10:00:00,10:13:02,1.25,0.12,-11888.88,11889,8834,1011.95,1028.95,1028.95,1009.2,1015.09,-1.6760590750097164,-17.25
V2RETAIL,27-FEB-2026 10:00:00,10:13:02,1.52,0.08,-4978.92,4979,2612,1956.2,1956.0,1975.9,1950.0,1959.42,-0.9418675308891993,-18.59999999999991
VAIBHAVGBL,27-FEB-2026 10:00:00,10:13:02,1.37,0.6,-52666.4,52667,30185,228.14,230.3,231.29,227.43,228.6,-1.3661910938175637,-3.160000000000025
VARROC,27-FEB-2026 10:00:00,10:13:02,0.83,0.15,-11038.85,11039,9658,538.8,550.0,554.7,538.6,543.04,-1.9828997635073842,-10.900000000000091
VENTIVE,27-FEB-2026 10:00:00,10:13:02,0.49,0.07,-5101.93,5102,3899,700.45,701.0,702.5,696.6,699.45,-0.46184453602387376,-3.25
VESUVIUS,27-FEB-2026 10:00:00,10:13:02,13.17,2.54,-227593.46,227596,121453,508.0,530.0,536.0,503.35,517.62,-5.365126676602078,-28.799999999999955
VGUARD,27-FEB-2026 10:00:00,10:13:02,0.42,0.13,-11307.87,11308,7876,315.4,318.1,318.1,313.6,315.84,-0.3475513428120135,-1.1000000000000227
VIJAYA,27-FEB-2026 10:00:00,10:13:03,0.79,0.08,-7067.92,7068,5335,978.9,984.0,985.0,971.85,976.4,-0.6445064704389771,-6.350000000000023
VINATIORGA,27-FEB-2026 10:00:00,10:13:03,0.59,0.04,-3761.96,3762,3086,1477.8,1492.6,1499.3,1475.1,1480.45,-1.5849760255727194,-23.799999999999955
VIPIND,27-FEB-2026 10:00:00,10:13:04,0.77,0.21,-19795.79,19796,12919,361.85,360.55,363.7,358.1,360.79,0.5977203224909742,2.150000000000034
VMART,27-FEB-2026 10:00:00,10:13:04,0.6,0.11,-9414.89,9415,7270,567.95,577.95,577.95,566.0,568.76,-1.2260869565217314,-7.0499999999999545
VMM,27-FEB-2026 10:00:00,10:13:04,8646.21,7372.28,-733031151.72,733038524,665066200,120.05,118.83,121.25,117.0,117.28,-5.865286599231556,-7.480000000000004
VOLTAMP,27-FEB-2026 10:00:00,10:13:04,28.85,0.31,-29424.69,29425,16562,9204.5,9050.0,9275.0,9019.5,9162.4,2.2267880941803644,200.5
VSTIND,27-FEB-2026 10:00:00,10:13:04,0.62,0.27,-25933.73,25934,18197,233.9,234.51,235.75,233.0,234.07,-0.4807896864230079,-1.1299999999999955
VTL,27-FEB-2026 10:00:00,10:13:04,3.23,0.6,-55799.4,55800,30193,541.1,548.0,548.0,538.65,541.1,-1.4928090296741183,-8.199999999999932
WAAREEENER,27-FEB-2026 10:00:00,10:13:04,196.97,7.26,-589713.74,589721,205878,2744.6,2717.7,2749.0,2687.0,2713.74,0.9898075578614304,26.90000000000009
WAAREERTL,27-FEB-2026 10:00:00,10:13:04,5.11,0.61,-57179.39,57180,31552,839.1,841.8,842.65,827.0,832.4,-0.3207412687098993,-2.699999999999932
WABAG,27-FEB-2026 10:00:00,10:13:04,4.0,0.32,-27719.68,27720,17395,1260.8,1260.0,1266.5,1250.0,1257.43,-0.13465346534653827,-1.7000000000000455
WEBELSOLAR,27-FEB-2026 10:00:00,10:13:05,8.82,15.9,-1407840.1,1407856,838749,55.0,56.19,56.36,54.8,55.45,-3.1519633738334196,-1.7899999999999991
WELCORP,27-FEB-2026 10:00:00,10:13:05,5.82,0.71,-62320.29,62321,38580,821.6,828.0,828.0,820.0,823.61,-0.4000484907261431,-3.2999999999999545
WELENT,27-FEB-2026 10:00:00,10:13:05,1.43,0.29,-28845.71,28846,18125,492.35,491.15,492.35,483.05,489.65,0.1118340788938616,0.5500000000000114
WELSPUNLIV,27-FEB-2026 10:00:00,10:13:05,5.48,4.41,-397013.59,397018,252029,123.85,126.43,126.43,123.45,124.26,-2.0484024043024385,-2.5900000000000034
WESTLIFE,27-FEB-2026 10:00:00,10:13:05,0.68,0.14,-12016.86,12017,8552,500.5,500.8,503.55,495.15,500.0,-0.05990415335463485,-0.30000000000001137
WHIRLPOOL,27-FEB-2026 10:00:00,10:13:05,4.28,0.47,-35554.53,35555,17095,914.15,910.05,916.65,901.3,907.58,1.217959364446659,11.0
WOCKPHARMA,27-FEB-2026 10:00:00,10:13:05,7.38,0.54,-49507.46,49508,29381,1367.3,1366.7,1379.0,1359.0,1369.65,0.2713405690818455,3.7000000000000455
YATHARTH,27-FEB-2026 10:00:00,10:13:05,11.28,1.58,-133493.42,133495,71540,719.35,695.0,720.85,695.0,712.05,3.110442198810298,21.700000000000045
ZAGGLE,27-FEB-2026 10:00:00,10:13:05,20.47,8.74,-763464.26,763473,376490,231.85,232.5,239.0,230.4,234.15,-0.3652771809196366,-0.8499999999999943
ZEEL,27-FEB-2026 10:00:00,10:13:06,10.86,12.47,-1205118.53,1205131,737120,87.05,87.59,87.8,86.5,87.04,-0.40045766590389986,-0.3500000000000085
ZENSARTECH,27-FEB-2026 10:00:00,10:13:06,8.8,1.57,-134359.43,134361,76123,555.65,558.85,564.9,554.0,559.77,0.2706848326265452,1.5
ZENTEC,27-FEB-2026 10:00:00,10:13:07,7.16,0.53,-39303.47,39304,19989,1356.4,1356.0,1361.6,1340.0,1350.74,-0.07367025195226168,-1.0
ZFCVINDIA,27-FEB-2026 10:00:00,10:13:07,1.03,0.01,-556.99,557,398,15374.0,15565.0,15566.0,15328.0,15392.82,-0.8512833741777377,-132.0
ZYDUSWELL,27-FEB-2026 10:00:00,10:13:07,1.16,0.3,-25644.7,25645,17994,383.0,386.7,388.25,380.75,382.92,-0.48070676887099456,-1.8500000000000227
