SYMBOL,SERIES,DATE,PREV_CLOSE,OPEN_PRICE,HiPr,LOW_PRICE,CLOSE_PRICE,AvgPr,Vol,Val_CR,NO_OF_TRADES,DELIV_QTY,DELIV_PER
CAMS, EQ,1/24/25,4159.25,4150,4284.6,4078.65,4101.1,4165.73,332673,138.5827,50004,111475,33.51
CAMS, EQ,1/23/25,4075.25,4075.25,4187.65,4030.1,4159.25,4115.92,525391,216.2467,65392,292966,55.76
CAMS, EQ,1/22/25,4248.05,4250,4257.05,3976,4075.25,4059.01,602893,244.7148,74032,251686,41.75
CAMS, EQ,1/21/25,4430.95,4499.4,4520,4230,4248.05,4315.48,392080,169.2014,51691,133813,34.13
CAMS, EQ,1/20/25,4418.1,4420,4460,4375.05,4430.95,4422.42,161291,71.3297,20578,54320,33.68
CAMS, EQ,1/17/25,4444.15,4470,4510,4313.85,4418.1,4379.89,253420,110.9952,31915,61075,24.1
CAMS, EQ,1/16/25,4305.4,4350,4529,4350,4444.15,4457.77,534221,238.1435,64482,251882,47.15
CAMS, EQ,1/15/25,4219.6,4278.2,4380,4242,4305.4,4310.21,427182,184.1244,47022,157930,36.97
CAMS, EQ,1/14/25,4281.85,4320,4395,4204,4219.6,4267.53,370586,158.1486,49556,190256,51.34
CAMS, EQ,1/13/25,4522.75,4464,4519.45,4242,4281.85,4347.29,452427,196.6833,54449,231056,51.07
CAMS, EQ,1/10/25,4662,4660.05,4695.65,4503.05,4522.75,4585.24,268747,123.2271,36437,102260,38.05
CAMS, EQ,1/9/25,4707.95,4707,4765,4651.2,4662,4696.89,233968,109.8921,36801,95552,40.84
CAMS, EQ,1/8/25,4878.8,4899.9,4929.25,4700,4707.95,4757.67,382806,182.1263,55645,140745,36.77
CAMS, EQ,1/7/25,4852.6,4868,4969,4840.4,4878.8,4897.61,244811,119.8989,39967,89152,36.42
CAMS, EQ,1/6/25,5096.05,5092.45,5126.95,4837.95,4852.6,4927.58,334884,165.0169,48240,151290,45.18
CAMS, EQ,1/3/25,5203.3,5198.05,5287.85,5085.25,5096.05,5196.96,398747,207.227,48841,168397,42.23
CAMS, EQ,1/2/25,5098.75,5137.95,5215,5072.3,5203.3,5137.92,475615,244.3671,52660,228567,48.06
CAMS, EQ,1/1/25,5075.4,5010.2,5149.65,4973.6,5098.75,5043.39,286808,144.6484,32317,110153,38.41
CAMS, EQ,12/31/24,5072.2,5066.95,5099.9,4863.6,5075.4,4994.56,391107,195.3409,55831,129263,33.05
CAMS, EQ,12/30/24,5041.75,5016.15,5111,4976,5072.2,5047.33,432216,218.1535,45260,250069,57.86
CAMS, EQ,12/27/24,4964,5008,5096,4971,5041.75,5029.96,271323,136.4744,34132,106924,39.41
CAMS, EQ,12/26/24,4928.7,4940,4997,4870,4964,4923.62,145046,71.4152,22124,55859,38.51
CAMS, EQ,12/24/24,4903,4890,4937.25,4847,4928.7,4903.57,153587,75.3124,28060,50789,33.07
CAMS, EQ,12/23/24,4951,4960,5017.45,4840,4903,4921.42,261277,128.5853,37526,101998,39.04
CAMS, EQ,12/20/24,5113.45,5144.9,5185.85,4934,4951,5051.33,303247,153.18,42711,137069,45.2
CAMS, EQ,12/19/24,5131.2,4972.45,5148.5,4951,5113.45,5074.03,363099,184.2374,45253,117578,32.38
CAMS, EQ,12/18/24,5135.65,5144,5167.45,5071,5131.2,5123.76,199759,102.3517,30322,84979,42.54
CAMS, EQ,12/17/24,5214.95,5190,5246.35,5110,5135.65,5159.79,317281,163.7104,44173,155719,49.08
CAMS, EQ,12/16/24,5186.85,5194.35,5228,5141,5214.95,5194.83,216485,112.4603,26316,87370,40.36
CAMS, EQ,12/13/24,5276.2,5276.2,5286,5133,5186.85,5195.1,369055,191.7276,44379,158026,42.82
CAMS, EQ,12/12/24,5222.05,5250,5367.5,5238.7,5276.2,5302.9,617394,327.3981,63063,157674,25.54
CAMS, EQ,12/11/24,5211.15,5209.1,5301,5201,5222.05,5241.16,365295,191.457,36942,162324,44.44
CAMS, EQ,12/10/24,5269.5,5284,5289,5164.35,5211.15,5211.76,338165,176.2435,44852,142615,42.17
CAMS, EQ,12/9/24,5069.6,5069.6,5315,5022.05,5269.5,5186.6,746803,387.3371,67403,293584,39.31
CAMS, EQ,12/6/24,5244.15,5256.35,5272.25,5057.3,5069.6,5101.24,668847,341.1946,78817,318856,47.67
CAMS, EQ,12/5/24,5181.75,5199,5360.5,5140.05,5244.15,5274.45,994656,524.6261,86458,349711,35.16
CAMS, EQ,12/4/24,5120.2,5115,5204.55,5104.1,5181.75,5156.28,397131,204.7719,39702,189773,47.79
CAMS, EQ,12/3/24,5102.3,5120,5144.9,5007,5120.2,5070.39,431127,218.5981,63138,190960,44.29
CAMS, EQ,12/2/24,4928.4,4975,5145,4970,5102.3,5092.45,914303,465.6038,71946,366593,40.1
CAMS, EQ,11/29/24,4893.35,4915.9,5098.8,4906,4928.4,5012.86,820307,411.2086,72937,237726,28.98
CAMS, EQ,11/28/24,4850.05,4870.95,5012.8,4852,4893.35,4922.44,499360,245.8072,61705,224370,44.93
CAMS, EQ,11/27/24,4751.6,4770,4998.75,4725.55,4850.05,4883.07,720132,351.6457,77992,193885,26.92
CAMS, EQ,11/26/24,4544.95,4569,4781.7,4568.95,4751.6,4700.84,411779,193.5708,48061,148903,36.16
CAMS, EQ,11/25/24,4449.35,4510,4579.95,4465.15,4544.95,4534.66,214213,97.1382,31225,92870,43.35
CAMS, EQ,11/22/24,4532.85,4550,4573.9,4420,4449.35,4452.75,290935,129.5461,35091,114667,39.41
CAMS, EQ,11/21/24,4538.1,4510,4569.7,4456,4532.85,4508.26,169796,76.5484,23385,52631,31
CAMS, EQ,11/19/24,4495.25,4523,4635,4510.6,4538.1,4591.76,214155,98.3347,27208,90271,42.15
CAMS, EQ,11/18/24,4581.95,4618,4618,4451,4495.25,4504.36,191325,86.1797,31442,66164,34.58
CAMS, EQ,11/14/24,4492.3,4504.95,4649.95,4504.95,4581.95,4602.58,262219,120.6884,44797,79077,30.16
CAMS, EQ,11/13/24,4681.7,4670,4706.25,4471,4492.3,4556.91,310748,141.605,68666,122486,39.42
CAMS, EQ,11/12/24,4720.1,4746,4892.2,4656.55,4681.7,4802.45,439487,211.0614,54398,132769,30.21
CAMS, EQ,11/11/24,4673.85,4676,4769.9,4620,4720.1,4722.87,214031,101.084,33987,83793,39.15
CAMS, EQ,11/8/24,4662.5,4662,4785,4655,4673.85,4712.99,315855,148.8622,42437,96549,30.57
CAMS, EQ,11/7/24,4672.65,4695.95,4755.95,4642.05,4662.5,4688.41,228536,107.1471,37079,81612,35.71
CAMS, EQ,11/6/24,4564.6,4594,4690.5,4564,4672.65,4632.18,344135,159.4097,50432,136709,39.73
CAMS, EQ,11/5/24,4542.65,4550,4611,4505.55,4564.6,4564.12,233238,106.4527,35237,60318,25.86
CAMS, EQ,11/4/24,4518.7,4530,4787.25,4505,4542.65,4649.68,1135535,527.9874,123935,205641,18.11
CAMS, EQ,10/31/24,4381.8,4385,4517,4328.75,4443.7,4441.27,289323,128.4963,44151,113517,39.24
CAMS, EQ,10/30/24,4331.15,4328.75,4445,4290.1,4381.8,4389.5,190723,83.7179,28382,63181,33.13
CAMS, EQ,10/29/24,4276.25,4305,4377.3,4206,4331.15,4285.46,215140,92.1974,37013,76218,35.43
CAMS, EQ,10/28/24,4315.5,4355.45,4389,4250.05,4276.25,4306.62,386326,166.376,52850,97242,25.17
CAMS, EQ,10/25/24,4500.6,4509.8,4567.2,4291.05,4315.5,4364.61,233780,102.0357,46105,97683,41.78
CAMS, EQ,10/24/24,4560.25,4562.95,4600,4458.4,4500.6,4522.62,173348,78.3987,24721,69113,39.87
CAMS, EQ,10/23/24,4400.45,4393,4641.6,4334.75,4560.25,4504.45,475604,214.2334,59935,182746,38.42
CAMS, EQ,10/22/24,4644.7,4649,4660,4386.65,4400.45,4514.61,369810,166.9546,55476,200723,54.28
CAMS, EQ,10/21/24,4742,4742,4798,4631.45,4644.7,4709.1,355443,167.3816,63540,157638,44.35
CAMS, EQ,10/18/24,4851.65,4830,4846.65,4652,4742,4745.98,450472,213.7931,81131,159158,35.33
CAMS, EQ,10/17/24,4836.55,4893.65,4969.85,4801.35,4851.65,4891.53,956372,467.8123,86791,310174,32.43
CAMS, EQ,10/16/24,4626.3,4606.05,4910,4592,4836.55,4811.66,1207042,580.7872,124368,405225,33.57
CAMS, EQ,10/15/24,4600.6,4630,4738.2,4594.8,4626.3,4647.76,368895,171.4535,39438,137838,37.37
CAMS, EQ,10/14/24,4511.25,4530,4674,4401.9,4600.6,4561.79,609366,277.9802,66545,156638,25.71
CAMS, EQ,10/11/24,4490.45,4517.45,4589,4461.3,4511.25,4528.98,253809,114.9497,36444,106183,41.84
CAMS, EQ,10/10/24,4410.35,4442,4528.95,4405.55,4490.45,4487.16,205033,92.0017,29308,63601,31.02
CAMS, EQ,10/9/24,4410.35,4399.95,4440,4370.05,4410.35,4413.69,169139,74.6528,27990,59697,35.29
CAMS, EQ,10/8/24,4109.05,4125,4447.95,4082.9,4410.35,4303.46,454223,195.4729,67900,160030,35.23
CAMS, EQ,10/7/24,4266.5,4266,4305,4050,4109.05,4133.59,315281,130.3242,54168,133571,42.37
CAMS, EQ,10/4/24,4422.4,4412.95,4439,4245.3,4266.5,4306.28,292643,126.0203,47548,120828,41.29
CAMS, EQ,10/3/24,4580.2,4479.95,4558,4411,4422.4,4472.09,270543,120.9892,42112,125493,46.39
CAMS, EQ,10/1/24,4409.1,4420,4599,4420,4580.2,4530.95,359687,162.9723,36725,124337,34.57
CAMS, EQ,9/30/24,4454.95,4455,4479,4400,4409.1,4427.64,192150,85.0772,29782,110454,57.48
CAMS, EQ,9/27/24,4475.95,4475,4568,4421,4454.95,4514.58,284159,128.2858,33305,117040,41.19
CAMS, EQ,9/26/24,4423.4,4545,4557,4426.6,4475.95,4485.71,660105,296.1037,76473,213479,32.34
CAMS, EQ,9/25/24,4527.8,4530,4535,4411,4423.4,4459.15,201006,89.6316,31618,118759,59.08
CAMS, EQ,9/24/24,4611.4,4611.4,4624.95,4511,4527.8,4548.1,234978,106.8704,28799,91184,38.81
CAMS, EQ,9/23/24,4459.6,4523,4773.75,4500,4611.4,4661.71,1315365,613.1853,116514,319626,24.3
CAMS, EQ,9/20/24,4424.65,4455,4532.55,4436,4459.6,4478.47,232335,104.0505,29545,102444,44.09
CAMS, EQ,9/19/24,4526.1,4569,4579,4360.1,4424.65,4461.05,302339,134.8751,46621,127306,42.11
CAMS, EQ,9/18/24,4517.1,4525,4592.45,4488.45,4526.1,4546.61,234979,106.8358,27203,72906,31.03
CAMS, EQ,9/17/24,4520.3,4533.95,4595,4454.9,4517.1,4526.22,254620,115.2465,26610,89078,34.98
CAMS, EQ,9/16/24,4401.25,4417,4544,4377.15,4520.3,4493.31,425294,191.0977,48290,154636,36.36
CAMS, EQ,9/13/24,4411.1,4429,4463.65,4375.05,4401.25,4409.37,103345,45.5686,13229,49693,48.08
CAMS, EQ,9/12/24,4370.6,4407,4424,4375,4411.1,4398.96,122320,53.8081,19430,63288,51.74
CAMS, EQ,9/11/24,4252.2,4300,4433.25,4292.9,4370.6,4382.31,473950,207.6998,50731,153180,32.32
CAMS, EQ,9/10/24,4247.95,4285,4298,4240,4252.2,4257.2,128634,54.7621,20730,72600,56.44
CAMS, EQ,9/9/24,4340.75,4321,4339.9,4234.6,4247.95,4262.14,134259,57.2231,20133,67543,50.31
CAMS, EQ,9/6/24,4417.75,4449,4449,4328,4340.75,4367.67,122622,53.5572,18246,55261,45.07
CAMS, EQ,9/5/24,4436.35,4465,4503,4404.05,4417.75,4451.89,236734,105.3914,17508,149356,63.09
CAMS, EQ,9/4/24,4378.9,4335,4509,4312.9,4436.35,4448.09,335076,149.0449,35782,123486,36.85
CAMS, EQ,9/3/24,4418.1,4444,4444,4360,4378.9,4386.41,126821,55.6289,15895,59344,46.79
CAMS, EQ,9/2/24,4261.25,4300,4449,4273.85,4418.1,4361.12,296302,129.2207,39833,88918,30.01
CAMS, EQ,8/30/24,4336.2,4366.95,4389,4218.35,4261.25,4300.44,170411,73.2843,21987,83399,48.94
CAMS, EQ,8/29/24,4337.95,4346.9,4418.9,4309,4336.2,4353.75,150538,65.5404,20532,38479,25.56
CAMS, EQ,8/28/24,4378.05,4418,4439.95,4325.8,4337.95,4361.82,189642,82.7184,27155,86567,45.65
CAMS, EQ,8/27/24,4434.2,4430,4430,4365,4378.05,4388.46,205496,90.1811,24197,98567,47.97
CAMS, EQ,8/26/24,4449.3,4434,4575.2,4396,4434.2,4485.84,359301,161.1767,34291,101156,28.15
CAMS, EQ,8/23/24,4387.9,4413,4460,4380.1,4449.3,4422.49,221929,98.1478,26279,62822,28.31
CAMS, EQ,8/22/24,4488.9,4518,4556.9,4352.55,4387.9,4436.91,319859,141.9186,31375,114045,35.65
CAMS, EQ,8/21/24,4410.05,4442,4540,4395.35,4488.9,4472.89,354671,158.6406,39045,111524,31.44
CAMS, EQ,8/20/24,4546.9,4598.6,4638.9,4400,4410.05,4511.67,474648,214.1456,54466,176333,37.15
CAMS, EQ,8/19/24,4272.7,4390,4638,4313.25,4546.9,4506.89,1257066,566.5457,122052,294102,23.4
CAMS, EQ,8/16/24,4168.75,4166.45,4325,4160.05,4272.7,4261.16,434508,185.1506,52003,178398,41.06
CAMS, EQ,8/14/24,4123.85,4178.85,4253.9,4091.15,4168.75,4170.95,392422,163.6774,47518,115748,29.5
CAMS, EQ,8/13/24,4261.1,4265,4329,4080,4123.85,4206.81,329880,138.7744,33388,123214,37.35
CAMS, EQ,8/12/24,4370.75,4350,4400.1,4220.55,4261.1,4279.64,411217,175.9861,47440,155708,37.87
CAMS, EQ,8/9/24,4254.55,4340,4440,4322.7,4370.75,4394.01,600288,263.7672,57794,169370,28.21
CAMS, EQ,8/8/24,4133.95,4208.5,4376.2,4170.85,4254.55,4296.64,1061607,456.1344,97148,199302,18.77
CAMS, EQ,8/7/24,3880.15,4038,4214,3980,4133.95,4128.78,1632840,674.1632,125402,365550,22.39
CAMS, EQ,8/5/24,4368.5,4310,4311,3913.25,3991.15,4068.29,958853,390.0888,114117,451872,47.13
CAMS, EQ,8/2/24,4414.3,4369.05,4435.65,4340.2,4368.5,4384.31,458252,200.9119,49715,147470,32.18
CAMS, EQ,8/1/24,4534.2,4525,4525,4395.1,4414.3,4441.33,417581,185.4617,55477,176795,42.34
CAMS, EQ,7/30/24,4284.6,4292,4725,4290,4695.05,4613.46,2391236,1103.1863,191536,313491,13.11
CAMS, EQ,7/29/24,4031.75,4031.75,4320,4031.75,4284.6,4216.04,493685,208.1395,56592,177397,35.93
CAMS, EQ,7/26/24,4036.8,4048,4085,4001,4031.75,4042.34,107096,43.2919,18461,54750,51.12
CAMS, EQ,7/25/24,4071.4,4030,4071.7,4005.15,4036.8,4033.52,126224,50.9127,17128,72638,57.55
CAMS, EQ,7/24/24,4051.35,4044,4125,4015.95,4071.4,4073.08,136120,55.4427,18699,43916,32.26
CAMS, EQ,7/23/24,4054.8,4062,4248.6,3777,4051.35,4070.73,772670,314.5332,92724,189504,24.53
CAMS, EQ,7/22/24,4128.95,4100,4155,4042.5,4054.8,4086.96,131868,53.8939,22670,47038,35.67
CAMS, EQ,7/19/24,4170.55,4167.05,4176.4,4051,4128.95,4099.54,179638,73.6432,26274,59876,33.33
CAMS, EQ,7/18/24,4226.75,4255,4319.8,4146,4170.55,4224.39,355549,150.1977,47148,103256,29.04
CAMS, EQ,7/16/24,4041.35,4054.95,4256,4048.15,4226.75,4190.81,596704,250.0674,61075,184802,30.97
CAMS, EQ,7/15/24,4070.25,4050,4098.95,4011,4041.35,4045.77,145285,58.779,18180,56901,39.17
CAMS, EQ,7/12/24,4115.65,4139,4229,4027.05,4070.25,4116.05,354359,145.8558,42039,124239,35.06
CAMS, EQ,7/11/24,4075.65,4153.95,4173.5,3975,4115.65,4058.8,477170,193.6735,53797,154370,32.35
CAMS, EQ,7/10/24,3987.85,4005,4327.75,4000,4075.65,4179.5,2013637,841.5989,178567,374456,18.6
CAMS, EQ,7/9/24,3762.5,3770.2,4012,3770,3987.85,3921.75,674785,264.634,71746,225594,33.43
CAMS, EQ,7/8/24,3765.3,3753.05,3795.1,3733.3,3762.5,3764.79,88145,33.1848,12357,42182,47.86
CAMS, EQ,7/5/24,3724.95,3730,3890,3720,3765.3,3801.82,397525,151.1317,46041,158635,39.91
CAMS, EQ,7/4/24,3799.55,3795.95,3829.5,3712.95,3724.95,3750.61,131275,49.2362,17811,68781,52.39
CAMS, EQ,7/3/24,3762.95,3779.9,3840,3763.95,3799.55,3798.97,171193,65.0357,24763,69684,40.7
CAMS, EQ,7/2/24,3653.9,3727.1,3770,3706.1,3762.95,3742.53,343378,128.5101,41838,135111,39.35
CAMS, EQ,7/1/24,3612.75,3620,3675,3601.1,3653.9,3658.99,160678,58.7919,20146,91888,57.19
CAMS, EQ,6/28/24,3551.1,3574.95,3662.75,3560,3612.75,3612.1,239019,86.3361,29527,109058,45.63
CAMS, EQ,6/27/24,3649.15,3652.45,3659.05,3529.25,3551.1,3583.43,173710,62.2478,24184,115896,66.72
CAMS, EQ,6/26/24,3684.8,3693,3714.65,3639,3649.15,3660.53,115904,42.427,17116,57928,49.98
CAMS, EQ,6/25/24,3656.35,3720,3838,3663.25,3684.8,3765.61,719979,271.1157,74558,204759,28.44
CAMS, EQ,6/24/24,3548.8,3540,3665,3536,3656.35,3623.79,222698,80.7011,26112,108459,48.7
CAMS, EQ,6/21/24,3516.2,3519,3654,3516.15,3548.8,3585.39,327647,117.4743,29929,154878,47.27
CAMS, EQ,6/20/24,3571.45,3607.6,3607.6,3488,3516.2,3557.33,140675,50.0427,14245,60362,42.91
CAMS, EQ,6/19/24,3649.25,3684.95,3685,3560,3571.45,3606,160186,57.7631,18142,68879,43
CAMS, EQ,6/18/24,3577.6,3610,3661.7,3527.6,3649.25,3605.71,244567,88.1837,22450,120010,49.07
CAMS, EQ,6/14/24,3665.35,3640.05,3663.2,3563.25,3577.6,3592.39,188666,67.7762,22941,93460,49.54
CAMS, EQ,6/13/24,3626.35,3675,3685.95,3576.35,3665.35,3630.93,320303,116.2999,34841,130613,40.78
CAMS, EQ,6/12/24,3438.7,3474.95,3650,3452.85,3626.35,3563.6,338664,120.6864,40245,158649,46.85
CAMS, EQ,6/11/24,3447.7,3447.7,3520,3423,3438.7,3472.19,132604,46.0426,19884,55697,42
CAMS, EQ,6/10/24,3408.1,3440,3488,3408.1,3447.7,3454.29,106471,36.7782,15544,47156,44.29
CAMS, EQ,6/7/24,3375.15,3419.85,3459.6,3390.1,3408.1,3416.25,114975,39.2784,17135,51656,44.93
CAMS, EQ,6/6/24,3442.05,3470,3522.5,3365.05,3375.15,3430.31,172132,59.0467,21358,77832,45.22
CAMS, EQ,6/5/24,3302.6,3340,3458.15,3151.1,3442.05,3370.28,204913,69.0615,33013,90570,44.2
CAMS, EQ,6/4/24,3549.65,3545.05,3545.05,3050,3302.6,3314.41,397578,131.7735,64491,173230,43.57
CAMS, EQ,6/3/24,3480.1,3600,3638.4,3520,3549.65,3585.28,320998,115.0867,38710,196625,61.25
CAMS, EQ,5/31/24,3461.35,3500,3537,3456.25,3480.1,3493.69,191144,66.7797,30207,95250,49.83
CAMS, EQ,5/30/24,3447.9,3440.05,3500,3391.65,3461.35,3428.98,255640,87.6585,32932,131577,51.47
CAMS, EQ,5/29/24,3456.3,3450,3456,3340,3447.9,3389.48,296368,100.4532,34344,145683,49.16
CAMS, EQ,5/28/24,3526.35,3540,3589.7,3445,3456.3,3501.33,203102,71.1127,24701,98158,48.33
CAMS, EQ,5/27/24,3416.3,3440,3598,3432.3,3526.35,3523.33,386494,136.1747,40888,163656,42.34
CAMS, EQ,5/24/24,3548.05,3555,3577.3,3404,3416.3,3494.74,226630,79.2014,22422,125031,55.17
CAMS, EQ,5/23/24,3482.8,3482.85,3636.45,3477.95,3548.05,3582.55,594015,212.8091,63088,267683,45.06
CAMS, EQ,5/22/24,3397.35,3415,3535,3390,3482.8,3481,602396,209.6942,64325,241852,40.15
CAMS, EQ,5/21/24,3316.95,3332,3410,3307.25,3397.35,3380.96,378544,127.9843,33102,194164,51.29
CAMS, EQ,5/17/24,3285.6,3307.95,3354.3,3274.15,3313.7,3315.9,200028,66.3273,27537,83281,41.63
CAMS, EQ,5/16/24,3294.8,3329,3329,3253.95,3285.6,3289.33,116565,38.3421,13576,53981,46.31
CAMS, EQ,5/15/24,3200.35,3208,3324,3207.95,3294.8,3290.1,391060,128.6627,43324,157862,40.37
CAMS, EQ,5/14/24,3126.45,3149.95,3218,3140.6,3200.35,3173.24,127313,40.3994,15016,57188,44.92
CAMS, EQ,5/13/24,3207.4,3181,3198.85,3030.05,3126.45,3103.76,317050,98.4048,39725,124384,39.23
CAMS, EQ,5/10/24,3095.35,3139.95,3276,3133.15,3207.4,3213.85,685888,220.4344,60494,122074,17.8
CAMS, EQ,5/9/24,3137.55,3162.35,3284.95,3080,3095.35,3195.93,521639,166.7121,59282,124556,23.88
CAMS, EQ,5/8/24,3180.05,3177.2,3180,3114.05,3137.55,3138.71,147818,46.3958,18477,62879,42.54
CAMS, EQ,5/7/24,3276.95,3303.25,3319,3166,3180.05,3221.84,226415,72.9472,27901,110814,48.94
CAMS, EQ,5/6/24,3298.65,3336.85,3367,3260.7,3276.95,3317.05,327936,108.7779,41596,123049,37.52
CAMS, EQ,5/3/24,3309.55,3333,3334,3285,3298.65,3308.56,271404,89.7958,40648,139775,51.5
CAMS, EQ,5/2/24,3202.7,3225,3316.05,3210.05,3309.55,3285.85,249943,82.1275,27578,122364,48.96
CAMS, EQ,4/30/24,3291.65,3276.4,3295.45,3195.6,3202.7,3240.7,177489,57.5189,25791,94659,53.33
CAMS, EQ,4/29/24,3206.5,3230,3326,3219.7,3291.65,3295.31,424255,139.8051,43700,241063,56.82
CAMS, EQ,4/26/24,3253.4,3240,3277,3190,3206.5,3237.79,119989,38.85,16271,55686,46.41
CAMS, EQ,4/25/24,3230.1,3238,3265,3183,3253.4,3228.91,214115,69.1358,23436,84387,39.41
CAMS, EQ,4/24/24,3258.65,3276,3340,3210,3230.1,3274.16,316982,103.785,32649,102807,32.43
CAMS, EQ,4/23/24,3238.55,3254.45,3285.4,3230.4,3258.65,3261.47,243631,79.4596,23013,114170,46.86
CAMS, EQ,4/22/24,3151.55,3215.8,3249.2,3176.15,3238.55,3225.33,336986,108.689,35588,135301,40.15
CAMS, EQ,4/19/24,3201.7,3165,3195,3110.1,3151.55,3159.99,293276,92.6748,30070,120791,41.19
CAMS, EQ,4/18/24,3113.8,3116.05,3299.95,3113,3201.7,3245.68,1430549,464.3102,100485,477713,33.39
CAMS, EQ,4/16/24,3028.7,3028.7,3160.35,3010.1,3113.8,3119.17,411646,128.3995,35938,133299,32.38
CAMS, EQ,4/15/24,3115.45,3015,3073.6,2985.55,3028.7,3029.78,300701,91.1057,29402,99162,32.98
CAMS, EQ,4/12/24,3050.15,3142,3223,3093,3115.45,3172.01,1189532,377.3208,82734,271754,22.85
CAMS, EQ,4/10/24,2997.4,2999.8,3070,2975.35,3050.15,3005.9,408503,122.7919,28378,225128,55.11
CAMS, EQ,4/9/24,3069.4,3084,3144.2,2986,2997.4,3058.12,405596,124.0361,38950,239021,58.93
CAMS, EQ,4/8/24,3146.75,3150,3174.95,3065,3069.4,3117.07,218457,68.0945,22786,128087,58.63
CAMS, EQ,4/5/24,3140.35,3140,3175,3120,3146.75,3155.7,208287,65.7292,21611,86717,41.63
CAMS, EQ,4/4/24,3149,3149.35,3184,3117,3140.35,3150.39,326085,102.7294,34694,114846,35.22
CAMS, EQ,4/3/24,3186.2,3180,3180,3131.25,3149,3153.52,316439,99.7896,35758,134523,42.51
CAMS, EQ,4/2/24,2992.2,3020,3225,2971.8,3186.2,3144.3,1342861,422.2362,109334,330136,24.58
,,,,,,,4162.9235,,,,,,