Stock|  | Issued Shares|  | Total Market Cap|  | FreeFloatMarketCap
TATASTEELM| Total Market Cap (₹ Lakhs)| -| Free Float Market Cap (₹ Lakhs)| -
TATAPOWER| "Issued Capital (Shares)"| "3,19,53,39,547"| Total Market Cap (₹ Lakhs)| 86,91,323.57| Free Float Market Cap (₹ Lakhs)| 39,11,095.61
TATACONSUM| "Issued Capital (Shares)"| "92,90,11,650"| Total Market Cap (₹ Lakhs)| 80,17,370.54| Free Float Market Cap (₹ Lakhs)| 51,31,117.15
TATAMOTORS| "Issued Capital (Shares)"| "3,32,18,61,782"| Total Market Cap (₹ Lakhs)| 2,10,92,161.38| Free Float Market Cap (₹ Lakhs)| 1,11,78,845.53
AARTIIND| "Issued Capital (Shares)"| "36,25,04,035"| Total Market Cap (₹ Lakhs)| 18,71,608.33| Free Float Market Cap (₹ Lakhs)| 10,29,384.58
AARTIIND| Total Market Cap (₹ Lakhs)| -| Free Float Market Cap (₹ Lakhs)| -
AARTIIND| "Issued Capital (Shares)"| "36,25,04,035"| Total Market Cap (₹ Lakhs)| 18,71,608.33| Free Float Market Cap (₹ Lakhs)| 10,29,384.58
AARTIIND| "Issued Capital (Shares)"| "36,25,04,035"| Total Market Cap (₹ Lakhs)| 18,71,608.33| Free Float Market Cap (₹ Lakhs)| 10,29,384.58
ABB| "Issued Capital (Shares)"| "21,19,08,375"| Total Market Cap (₹ Lakhs)| 97,90,166.93| Free Float Market Cap (₹ Lakhs)| 24,47,541.73
ABBOTINDIA| "Issued Capital (Shares)"| "1,36,75,240"| Total Market Cap (₹ Lakhs)| 31,49,277.86| Free Float Market Cap (₹ Lakhs)| 7,87,319.46
AARTIIND| "Issued Capital (Shares)"| "36,25,04,035"| Total Market Cap (₹ Lakhs)| 18,71,608.33| Free Float Market Cap (₹ Lakhs)| 10,29,384.58
ABB| "Issued Capital (Shares)"| "21,19,08,375"| Total Market Cap (₹ Lakhs)| 97,90,166.93| Free Float Market Cap (₹ Lakhs)| 24,47,541.73
ABBOTINDIA| "Issued Capital (Shares)"| "1,36,75,240"| Total Market Cap (₹ Lakhs)| 31,49,277.86| Free Float Market Cap (₹ Lakhs)| 7,87,319.46
ACC| "Issued Capital (Shares)"| "18,77,87,263"| Total Market Cap (₹ Lakhs)| 38,55,272.51| Free Float Market Cap (₹ Lakhs)| 16,57,767.18
ADANIENT| "Issued Capital (Shares)"| "1,14,00,01,121"| Total Market Cap (₹ Lakhs)| 2,97,76,829.28| Free Float Market Cap (₹ Lakhs)| 80,39,743.91
ADANIPORTS| "Issued Capital (Shares)"| "2,16,01,38,945"| Total Market Cap (₹ Lakhs)| 1,90,85,907.65| Free Float Market Cap (₹ Lakhs)| 74,43,503.98
ABCAPITAL| "Issued Capital (Shares)"| "2,59,86,03,153"| Total Market Cap (₹ Lakhs)| 49,41,243.90| Free Float Market Cap (₹ Lakhs)| 13,34,135.85
ABFRL| "Issued Capital (Shares)"| "94,89,67,213"| Total Market Cap (₹ Lakhs)| 22,16,787.41| Free Float Market Cap (₹ Lakhs)| 7,75,875.59
ALKEM| "Issued Capital (Shares)"| "11,95,65,000"| Total Market Cap (₹ Lakhs)| 43,52,166.00| Free Float Market Cap (₹ Lakhs)| 17,84,388.06
AMARAJABAT| "Issued Capital (Shares)"| "17,08,12,500"| Total Market Cap (₹ Lakhs)| 11,26,508.44| Free Float Market Cap (₹ Lakhs)| 6,53,374.89
AMBUJACEM| "Issued Capital (Shares)"| "1,98,56,45,229"| Total Market Cap (₹ Lakhs)| 89,36,396.35| Free Float Market Cap (₹ Lakhs)| 33,06,466.65
APOLLOHOSP| "Issued Capital (Shares)"| "14,37,84,657"| Total Market Cap (₹ Lakhs)| 73,24,965.57| Free Float Market Cap (₹ Lakhs)| 51,27,475.90
APOLLOTYRE| "Issued Capital (Shares)"| "63,51,00,946"| Total Market Cap (₹ Lakhs)| 24,38,152.53| Free Float Market Cap (₹ Lakhs)| 12,67,839.32
ASHOKLEY| Total Market Cap (₹ Lakhs)| 54,31,835.46| Free Float Market Cap (₹ Lakhs)| 26,61,599.38
ASIANPAINT| Total Market Cap (₹ Lakhs)| 3,12,69,847.95| Free Float Market Cap (₹ Lakhs)| 1,46,96,828.54
ASTRAL| "Issued Capital (Shares)"| "26,86,19,291"| Total Market Cap (₹ Lakhs)| 51,65,548.97| Free Float Market Cap (₹ Lakhs)| 22,72,841.55
ATUL| "Issued Capital (Shares)"| "2,95,13,755"| Total Market Cap (₹ Lakhs)| 22,32,715.57| Free Float Market Cap (₹ Lakhs)| 12,05,666.41
AUBANK| "Issued Capital (Shares)"| "66,80,00,028"| Total Market Cap (₹ Lakhs)| 49,19,820.21| Free Float Market Cap (₹ Lakhs)| 35,42,270.55
AUROPHARMA| "Issued Capital (Shares)"| "58,59,38,609"| Total Market Cap (₹ Lakhs)| 50,88,583.85| Free Float Market Cap (₹ Lakhs)| 24,42,520.25
AXISBANK| "Issued Capital (Shares)"| "3,08,09,01,302"| Total Market Cap (₹ Lakhs)| 3,09,01,440.06| Free Float Market Cap (₹ Lakhs)| 2,75,02,281.65
BAJAJ-AUTO| "Issued Capital (Shares)"| "28,29,57,358"| Total Market Cap (₹ Lakhs)| 1,36,10,248.92| Free Float Market Cap (₹ Lakhs)| 54,44,099.57
BAJFINANCE| "Issued Capital (Shares)"| "60,59,18,538"| Total Market Cap (₹ Lakhs)| 4,47,77,379.96| Free Float Market Cap (₹ Lakhs)| 1,97,02,047.18
BAJAJFINSV| "Issued Capital (Shares)"| "1,59,54,88,813"| Total Market Cap (₹ Lakhs)| 2,47,30,076.60| Free Float Market Cap (₹ Lakhs)| 84,08,226.04
BALKRISIND| "Issued Capital (Shares)"| "19,33,17,190"| Total Market Cap (₹ Lakhs)| 46,98,767.62| Free Float Market Cap (₹ Lakhs)| 19,26,494.72
BALRAMCHIN| "Issued Capital (Shares)"| "20,17,49,245"| Total Market Cap (₹ Lakhs)| 8,47,346.83| Free Float Market Cap (₹ Lakhs)| 4,82,987.69
BANDHANBNK| "Issued Capital (Shares)"| "1,61,08,64,617"| Total Market Cap (₹ Lakhs)| 39,14,401.02| Free Float Market Cap (₹ Lakhs)| 18,00,624.47
BANKBARODA| "Issued Capital (Shares)"| "5,17,13,62,179"| Total Market Cap (₹ Lakhs)| 1,04,92,693.86| Free Float Market Cap (₹ Lakhs)| 37,77,369.79
BATAINDIA| Total Market Cap (₹ Lakhs)| 22,07,460.50| Free Float Market Cap (₹ Lakhs)| 11,03,730.25
BERGEPAINT| "Issued Capital (Shares)"| "97,14,22,485"| Total Market Cap (₹ Lakhs)| 70,13,670.34| Free Float Market Cap (₹ Lakhs)| 16,83,280.88
BEL| "Issued Capital (Shares)"| "7,30,97,78,829"| Total Market Cap (₹ Lakhs)| 1,05,69,940.19| Free Float Market Cap (₹ Lakhs)| 51,79,270.69
BHARATFORG| "Issued Capital (Shares)"| "46,55,88,632"| Total Market Cap (₹ Lakhs)| 51,86,657.36| Free Float Market Cap (₹ Lakhs)| 28,52,661.55
BHEL| "Issued Capital (Shares)"| "3,48,20,63,355"| Total Market Cap (₹ Lakhs)| 48,74,888.70| Free Float Market Cap (₹ Lakhs)| 18,03,708.82
BPCL| "Issued Capital (Shares)"| "2,16,92,52,744"| Total Market Cap (₹ Lakhs)| 78,78,725.97| Free Float Market Cap (₹ Lakhs)| 34,66,639.43
BHARTIARTL| "Issued Capital (Shares)"| "5,59,26,48,369"| Total Market Cap (₹ Lakhs)| 4,96,06,791.03| Free Float Market Cap (₹ Lakhs)| 2,23,23,055.96
BIOCON| Total Market Cap (₹ Lakhs)| 33,12,455.40| Free Float Market Cap (₹ Lakhs)| 12,25,608.50
BSOFT| "Issued Capital (Shares)"| "27,53,81,945"| Total Market Cap (₹ Lakhs)| 14,01,694.10| Free Float Market Cap (₹ Lakhs)| 8,26,999.52
BOSCHLTD| Total Market Cap (₹ Lakhs)| 57,42,411.71| Free Float Market Cap (₹ Lakhs)| 16,65,299.40
BRITANNIA| "Issued Capital (Shares)"| "24,08,68,296"| Total Market Cap (₹ Lakhs)| 1,10,05,272.44| Free Float Market Cap (₹ Lakhs)| 53,92,583.50
CANFINHOME| Total Market Cap (₹ Lakhs)| 10,48,721.89| Free Float Market Cap (₹ Lakhs)| 6,60,694.79
CANBK| "Issued Capital (Shares)"| "1,81,41,30,252"| Total Market Cap (₹ Lakhs)| 65,30,868.91| Free Float Market Cap (₹ Lakhs)| 24,16,421.50
CHAMBLFERT| "Issued Capital (Shares)"| "41,62,07,852"| Total Market Cap (₹ Lakhs)| 11,80,781.68| Free Float Market Cap (₹ Lakhs)| 4,48,697.04
CHOLAFIN| "Issued Capital (Shares)"| "82,24,05,157"| Total Market Cap (₹ Lakhs)| 97,04,380.85| Free Float Market Cap (₹ Lakhs)| 46,58,102.81
CIPLA| "Issued Capital (Shares)"| "80,73,10,290"| Total Market Cap (₹ Lakhs)| 1,00,74,425.11| Free Float Market Cap (₹ Lakhs)| 65,48,376.32
CUB| "Issued Capital (Shares)"| "74,04,16,385"| Total Market Cap (₹ Lakhs)| 10,02,893.99| Free Float Market Cap (₹ Lakhs)| 9,72,807.17
COALINDIA| "Issued Capital (Shares)"| "6,16,27,28,327"| Total Market Cap (₹ Lakhs)| 1,71,84,767.94| Free Float Market Cap (₹ Lakhs)| 63,58,364.14
COFORGE| "Issued Capital (Shares)"| "6,11,21,503"| Total Market Cap (₹ Lakhs)| 33,70,545.28| Free Float Market Cap (₹ Lakhs)| 23,25,676.25
COLPAL| Total Market Cap (₹ Lakhs)| 54,74,798.83| Free Float Market Cap (₹ Lakhs)| 26,82,651.43
CONCOR| "Issued Capital (Shares)"| "60,92,94,348"| Total Market Cap (₹ Lakhs)| 44,72,220.51| Free Float Market Cap (₹ Lakhs)| 20,12,499.23
COROMANDEL| "Issued Capital (Shares)"| "29,43,60,519"| Total Market Cap (₹ Lakhs)| 33,08,612.23| Free Float Market Cap (₹ Lakhs)| 13,23,444.89
CROMPTON| "Issued Capital (Shares)"| "64,00,97,744"| Total Market Cap (₹ Lakhs)| 20,26,229.41| Free Float Market Cap (₹ Lakhs)| 20,26,229.41
CUMMINSIND| Total Market Cap (₹ Lakhs)| 48,96,183.60| Free Float Market Cap (₹ Lakhs)| 23,99,129.96
DABUR| Total Market Cap (₹ Lakhs)| -| Free Float Market Cap (₹ Lakhs)| -
DALBHARAT| "Issued Capital (Shares)"| "18,75,30,361"| Total Market Cap (₹ Lakhs)| 44,29,092.07| Free Float Market Cap (₹ Lakhs)| 18,60,218.67
DEEPAKNTR| "Issued Capital (Shares)"| "13,63,93,041"| Total Market Cap (₹ Lakhs)| 31,83,549.97| Free Float Market Cap (₹ Lakhs)| 15,91,774.98
DELTACORP| Total Market Cap (₹ Lakhs)| 4,95,376.53| Free Float Market Cap (₹ Lakhs)| 3,26,948.51
DIVISLAB| Total Market Cap (₹ Lakhs)| 98,81,006.02| Free Float Market Cap (₹ Lakhs)| 47,42,882.89
DIXON| Total Market Cap (₹ Lakhs)| 30,73,900.12| Free Float Market Cap (₹ Lakhs)| 19,05,818.07
DLF| Total Market Cap (₹ Lakhs)| 1,33,79,077.77| Free Float Market Cap (₹ Lakhs)| 33,44,769.44
LALPATHLAB| "Issued Capital (Shares)"| "8,34,69,852"| Total Market Cap (₹ Lakhs)| 18,52,655.10| Free Float Market Cap (₹ Lakhs)| 7,59,588.59
DRREDDY| "Issued Capital (Shares)"| "16,67,71,481"| Total Market Cap (₹ Lakhs)| 93,55,880.08| Free Float Market Cap (₹ Lakhs)| 68,29,792.46
EICHERMOT| "Issued Capital (Shares)"| "27,37,49,460"| Total Market Cap (₹ Lakhs)| 93,19,800.37| Free Float Market Cap (₹ Lakhs)| 46,59,900.18
ESCORTS| Total Market Cap (₹ Lakhs)| 35,21,855.82| Free Float Market Cap (₹ Lakhs)| 10,56,556.75
EXIDEIND| "Issued Capital (Shares)"| "85,00,00,000"| Total Market Cap (₹ Lakhs)| 23,60,450.00| Free Float Market Cap (₹ Lakhs)| 12,51,038.50
FSL| Total Market Cap (₹ Lakhs)| 11,91,854.31| Free Float Market Cap (₹ Lakhs)| 5,24,415.90
GAIL| Total Market Cap (₹ Lakhs)| 84,39,140.39| Free Float Market Cap (₹ Lakhs)| 34,60,047.56
GLENMARK| "Issued Capital (Shares)"| "28,21,68,156"| Total Market Cap (₹ Lakhs)| 22,87,678.32| Free Float Market Cap (₹ Lakhs)| 12,12,469.51
GMRINFRA| "Issued Capital (Shares)"| "6,03,59,45,275"| Total Market Cap (₹ Lakhs)| 38,87,148.76| Free Float Market Cap (₹ Lakhs)| 15,93,730.99
GODREJCP| "Issued Capital (Shares)"| "1,02,27,58,404"| Total Market Cap (₹ Lakhs)| 1,05,74,299.14| Free Float Market Cap (₹ Lakhs)| 39,12,490.68
GODREJPROP| "Issued Capital (Shares)"| "27,80,29,098"| Total Market Cap (₹ Lakhs)| 46,82,010.01| Free Float Market Cap (₹ Lakhs)| 19,19,624.10
GRANULES| "Issued Capital (Shares)"| "24,20,42,756"| Total Market Cap (₹ Lakhs)| 7,60,014.25| Free Float Market Cap (₹ Lakhs)| 4,25,607.98
GRASIM| "Issued Capital (Shares)"| "65,84,48,791"| Total Market Cap (₹ Lakhs)| 1,22,14,225.07| Free Float Market Cap (₹ Lakhs)| 68,39,966.04
GUJGASLTD| "Issued Capital (Shares)"| "68,83,90,125"| Total Market Cap (₹ Lakhs)| 31,67,971.36| Free Float Market Cap (₹ Lakhs)| 7,91,992.84
GNFC| Total Market Cap (₹ Lakhs)| 10,05,404.11| Free Float Market Cap (₹ Lakhs)| 5,73,080.34
GSPL| "Issued Capital (Shares)"| "56,42,11,376"| Total Market Cap (₹ Lakhs)| 16,27,749.82| Free Float Market Cap (₹ Lakhs)| 8,30,152.41
HAVELLS| "Issued Capital (Shares)"| "62,66,74,350"| Total Market Cap (₹ Lakhs)| 90,67,664.51| Free Float Market Cap (₹ Lakhs)| 36,27,065.80
HCLTECH| "Issued Capital (Shares)"| "2,71,36,65,096"| Total Market Cap (₹ Lakhs)| 3,47,02,349.25| Free Float Market Cap (₹ Lakhs)| 1,35,33,916.21
HDFCAMC| "Issued Capital (Shares)"| "21,34,84,000"| Total Market Cap (₹ Lakhs)| 56,76,539.56| Free Float Market Cap (₹ Lakhs)| 21,00,319.64
HDFCBANK| Total Market Cap (₹ Lakhs)| -| Free Float Market Cap (₹ Lakhs)| -
HDFCLIFE| "Issued Capital (Shares)"| "2,14,99,63,994"| Total Market Cap (₹ Lakhs)| 1,43,53,159.62| Free Float Market Cap (₹ Lakhs)| 71,76,579.81
HEROMOTOCO| Total Market Cap (₹ Lakhs)| -| Free Float Market Cap (₹ Lakhs)| -
HINDALCO| "Issued Capital (Shares)"| "2,24,72,16,523"| Total Market Cap (₹ Lakhs)| 1,08,78,775.19| Free Float Market Cap (₹ Lakhs)| 70,71,203.87
HAL| "Issued Capital (Shares)"| "33,43,87,500"| Total Market Cap (₹ Lakhs)| 1,36,73,104.88| Free Float Market Cap (₹ Lakhs)| 38,28,469.37
HINDCOPPER| "Issued Capital (Shares)"| "96,70,24,020"| Total Market Cap (₹ Lakhs)| 16,17,347.67| Free Float Market Cap (₹ Lakhs)| 5,49,898.21
HINDPETRO| Total Market Cap (₹ Lakhs)| 37,71,210.78| Free Float Market Cap (₹ Lakhs)| 16,97,044.85
HINDUNILVR| "Issued Capital (Shares)"| "2,34,95,91,262"| Total Market Cap (₹ Lakhs)| 5,96,44,374.19| Free Float Market Cap (₹ Lakhs)| 2,26,64,862.19
HONAUT| "Issued Capital (Shares)"| "88,41,523"| Total Market Cap (₹ Lakhs)| 34,97,264.42| Free Float Market Cap (₹ Lakhs)| 8,74,316.11
HDFC| Total Market Cap (₹ Lakhs)| -| Free Float Market Cap (₹ Lakhs)| -
ICICIBANK| "Issued Capital (Shares)"| "7,00,09,78,399"| Total Market Cap (₹ Lakhs)| 6,87,49,607.88| Free Float Market Cap (₹ Lakhs)| 6,87,49,607.88
ICICIGI| Total Market Cap (₹ Lakhs)| -| Free Float Market Cap (₹ Lakhs)| -
ICICIPRULI| "Issued Capital (Shares)"| "1,43,95,46,976"| Total Market Cap (₹ Lakhs)| 83,06,186.05| Free Float Market Cap (₹ Lakhs)| 22,42,670.23
IDFCFIRSTB| "Issued Capital (Shares)"| "6,65,83,60,987"| Total Market Cap (₹ Lakhs)| 64,25,318.35| Free Float Market Cap (₹ Lakhs)| 30,19,899.63
IDFC| "Issued Capital (Shares)"| "1,59,99,84,436"| Total Market Cap (₹ Lakhs)| 20,75,179.81| Free Float Market Cap (₹ Lakhs)| 17,22,399.25
IBULHSGFIN| Total Market Cap (₹ Lakhs)| 8,69,152.59| Free Float Market Cap (₹ Lakhs)| 7,47,471.23
INDIAMART| Total Market Cap (₹ Lakhs)| 19,59,669.50| Free Float Market Cap (₹ Lakhs)| 9,79,834.75
IEX| Total Market Cap (₹ Lakhs)| 12,43,911.37| Free Float Market Cap (₹ Lakhs)| 10,57,324.66
IOC| "Issued Capital (Shares)"| "14,12,12,38,383"| Total Market Cap (₹ Lakhs)| 1,34,22,237.08| Free Float Market Cap (₹ Lakhs)| 34,89,781.64
IRCTC| "Issued Capital (Shares)"| "80,00,00,000"| Total Market Cap (₹ Lakhs)| 57,36,000.00| Free Float Market Cap (₹ Lakhs)| 21,79,680.00
IGL| "Issued Capital (Shares)"| "70,00,00,800"| Total Market Cap (₹ Lakhs)| 33,47,403.83| Free Float Market Cap (₹ Lakhs)| 16,73,701.91
INDUSTOWER| "Issued Capital (Shares)"| "2,69,49,36,950"| Total Market Cap (₹ Lakhs)| 51,60,804.26| Free Float Market Cap (₹ Lakhs)| 12,38,593.02
INDUSINDBK| "Issued Capital (Shares)"| "77,65,07,028"| Total Market Cap (₹ Lakhs)| 1,12,59,351.91| Free Float Market Cap (₹ Lakhs)| 94,57,855.60
NAUKRI| "Issued Capital (Shares)"| "12,91,84,120"| Total Market Cap (₹ Lakhs)| 58,21,811.55| Free Float Market Cap (₹ Lakhs)| 34,93,086.93
INFY| "Issued Capital (Shares)"| "4,15,03,57,852"| Total Market Cap (₹ Lakhs)| 6,12,17,778.32| Free Float Market Cap (₹ Lakhs)| 5,26,47,289.35
INTELLECT| "Issued Capital (Shares)"| "13,64,68,985"| Total Market Cap (₹ Lakhs)| 9,71,590.94| Free Float Market Cap (₹ Lakhs)| 6,21,818.20
INDIGO| "Issued Capital (Shares)"| "38,57,91,619"| Total Market Cap (₹ Lakhs)| 96,33,216.73| Free Float Market Cap (₹ Lakhs)| 30,82,629.35
IPCALAB| "Issued Capital (Shares)"| "25,37,04,218"| Total Market Cap (₹ Lakhs)| 22,83,337.96| Free Float Market Cap (₹ Lakhs)| 12,10,169.12
ITC| "Issued Capital (Shares)"| "12,47,02,37,312"| Total Market Cap (₹ Lakhs)| 5,58,60,428.04| Free Float Market Cap (₹ Lakhs)| 3,96,60,903.91
JINDALSTEL| "Issued Capital (Shares)"| "1,02,00,88,097"| Total Market Cap (₹ Lakhs)| 72,70,167.87| Free Float Market Cap (₹ Lakhs)| 26,17,260.43
JKCEMENT| "Issued Capital (Shares)"| "7,72,68,251"| Total Market Cap (₹ Lakhs)| 25,56,806.43| Free Float Market Cap (₹ Lakhs)| 10,99,426.76
JSWSTEEL| Total Market Cap (₹ Lakhs)| -| Free Float Market Cap (₹ Lakhs)| -
JUBLFOOD| Total Market Cap (₹ Lakhs)| -| Free Float Market Cap (₹ Lakhs)| -
KOTAKBANK| "Issued Capital (Shares)"| "1,98,74,51,085"| Total Market Cap (₹ Lakhs)| 3,59,62,927.38| Free Float Market Cap (₹ Lakhs)| 2,66,12,566.26
L&TFH| Total Market Cap (₹ Lakhs)| -| Free Float Market Cap (₹ Lakhs)| -
LTTS| "Issued Capital (Shares)"| "10,56,83,308"| Total Market Cap (₹ Lakhs)| 49,00,534.99| Free Float Market Cap (₹ Lakhs)| 12,74,139.10
LTI| Total Market Cap (₹ Lakhs)| -| Free Float Market Cap (₹ Lakhs)| -
LT| "Issued Capital (Shares)"| "1,40,56,48,717"| Total Market Cap (₹ Lakhs)| 4,07,14,615.09| Free Float Market Cap (₹ Lakhs)| 3,50,14,568.98
LAURUSLABS| "Issued Capital (Shares)"| "53,86,50,925"| Total Market Cap (₹ Lakhs)| 21,92,309.26| Free Float Market Cap (₹ Lakhs)| 16,00,385.76
LICHSGFIN| Total Market Cap (₹ Lakhs)| 25,00,586.40| Free Float Market Cap (₹ Lakhs)| 13,75,322.52
LUPIN| "Issued Capital (Shares)"| "45,52,09,934"| Total Market Cap (₹ Lakhs)| 51,42,051.41| Free Float Market Cap (₹ Lakhs)| 27,25,287.25
MGL| "Issued Capital (Shares)"| "9,87,77,778"| Total Market Cap (₹ Lakhs)| 10,39,142.22| Free Float Market Cap (₹ Lakhs)| 5,92,311.07
M&MFIN| Total Market Cap (₹ Lakhs)| -| Free Float Market Cap (₹ Lakhs)| -
M&M| Total Market Cap (₹ Lakhs)| -| Free Float Market Cap (₹ Lakhs)| -
MANAPPURAM| "Issued Capital (Shares)"| "84,63,94,729"| Total Market Cap (₹ Lakhs)| 12,59,012.16| Free Float Market Cap (₹ Lakhs)| 8,18,357.90
MARICO| "Issued Capital (Shares)"| "1,29,34,84,698"| Total Market Cap (₹ Lakhs)| 75,49,423.44| Free Float Market Cap (₹ Lakhs)| 30,19,769.38
MARUTI| "Issued Capital (Shares)"| "30,20,80,060"| Total Market Cap (₹ Lakhs)| 3,18,39,238.32| Free Float Market Cap (₹ Lakhs)| 1,40,09,264.86
MFSL| "Issued Capital (Shares)"| "34,51,14,771"| Total Market Cap (₹ Lakhs)| 32,95,328.39| Free Float Market Cap (₹ Lakhs)| 22,40,823.31
METROPOLIS| "Issued Capital (Shares)"| "5,12,20,706"| Total Market Cap (₹ Lakhs)| 7,27,334.03| Free Float Market Cap (₹ Lakhs)| 3,63,667.01
MINDTREE| "Issued Capital (Shares)"| "16,49,55,625"| Total Market Cap (₹ Lakhs)| -| Free Float Market Cap (₹ Lakhs)| -
MOTHERSON| "Issued Capital (Shares)"| "6,77,64,21,366"| Total Market Cap (₹ Lakhs)| 68,57,738.42| Free Float Market Cap (₹ Lakhs)| 24,00,208.45
MPHASIS| "Issued Capital (Shares)"| "18,85,59,854"| Total Market Cap (₹ Lakhs)| 46,68,741.99| Free Float Market Cap (₹ Lakhs)| 20,54,246.47
MRF| Total Market Cap (₹ Lakhs)| 46,56,775.01| Free Float Market Cap (₹ Lakhs)| 22,35,252.01
MCX| Total Market Cap (₹ Lakhs)| -| Free Float Market Cap (₹ Lakhs)| -
MUTHOOTFIN| "Issued Capital (Shares)"| "40,14,48,891"| Total Market Cap (₹ Lakhs)| 51,98,763.14| Free Float Market Cap (₹ Lakhs)| 14,03,666.05
NATIONALUM| "Issued Capital (Shares)"| "1,83,66,31,787"| Total Market Cap (₹ Lakhs)| 18,65,099.58| Free Float Market Cap (₹ Lakhs)| 9,13,898.79
NAVINFLUOR| Total Market Cap (₹ Lakhs)| 23,17,144.12| Free Float Market Cap (₹ Lakhs)| 16,22,000.88
NESTLEIND| "Issued Capital (Shares)"| "9,64,15,716"| Total Market Cap (₹ Lakhs)| 2,13,56,081.09| Free Float Market Cap (₹ Lakhs)| 79,01,750.00
NMDC| "Issued Capital (Shares)"| "2,93,06,05,850"| Total Market Cap (₹ Lakhs)| 42,28,864.24| Free Float Market Cap (₹ Lakhs)| 16,49,257.05
NTPC| "Issued Capital (Shares)"| "9,69,66,66,134"| Total Market Cap (₹ Lakhs)| 2,35,62,898.71| Free Float Market Cap (₹ Lakhs)| 1,15,45,820.37
OBEROIRLTY| "Issued Capital (Shares)"| "36,36,02,237"| Total Market Cap (₹ Lakhs)| 43,44,501.33| Free Float Market Cap (₹ Lakhs)| 13,90,240.43
ONGC| "Issued Capital (Shares)"| "12,58,02,79,206"| Total Market Cap (₹ Lakhs)| 2,31,41,423.60| Free Float Market Cap (₹ Lakhs)| 71,73,841.32
OFSS| "Issued Capital (Shares)"| "8,65,39,757"| Total Market Cap (₹ Lakhs)| 38,00,696.32| Free Float Market Cap (₹ Lakhs)| 10,26,188.01
PAGEIND| "Issued Capital (Shares)"| "1,11,53,874"| Total Market Cap (₹ Lakhs)| 46,54,098.93| Free Float Market Cap (₹ Lakhs)| 25,13,213.42
PERSISTENT| "Issued Capital (Shares)"| "7,69,25,000"| Total Market Cap (₹ Lakhs)| 45,69,191.15| Free Float Market Cap (₹ Lakhs)| 30,61,358.07
PETRONET| "Issued Capital (Shares)"| "1,50,00,00,088"| Total Market Cap (₹ Lakhs)| 37,35,000.22| Free Float Market Cap (₹ Lakhs)| 18,67,500.11
PIIND| "Issued Capital (Shares)"| "15,17,18,118"| Total Market Cap (₹ Lakhs)| 55,85,654.23| Free Float Market Cap (₹ Lakhs)| 29,60,396.74
PIDILITIND| "Issued Capital (Shares)"| "50,84,61,540"| Total Market Cap (₹ Lakhs)| 1,28,31,026.96| Free Float Market Cap (₹ Lakhs)| 38,49,308.09
PEL| Total Market Cap (₹ Lakhs)| -| Free Float Market Cap (₹ Lakhs)| -
POLYCAB| "Issued Capital (Shares)"| "14,99,91,305"| Total Market Cap (₹ Lakhs)| 77,24,552.21| Free Float Market Cap (₹ Lakhs)| 23,94,611.18
PFC| "Issued Capital (Shares)"| "2,64,00,81,408"| Total Market Cap (₹ Lakhs)| 81,16,930.29| Free Float Market Cap (₹ Lakhs)| 35,71,449.33
POWERGRID| Total Market Cap (₹ Lakhs)| 1,84,36,121.92| Free Float Market Cap (₹ Lakhs)| 90,33,699.74
PNB| "Issued Capital (Shares)"| "11,01,10,15,558"| Total Market Cap (₹ Lakhs)| 75,92,095.23| Free Float Market Cap (₹ Lakhs)| 20,49,865.71
PVR| Total Market Cap (₹ Lakhs)| -| Free Float Market Cap (₹ Lakhs)| -
RAIN| "Issued Capital (Shares)"| "33,63,45,679"| Total Market Cap (₹ Lakhs)| 6,09,458.37| Free Float Market Cap (₹ Lakhs)| 3,53,485.85
RBLBANK| "Issued Capital (Shares)"| "60,06,85,653"| Total Market Cap (₹ Lakhs)| 13,95,993.46| Free Float Market Cap (₹ Lakhs)| 13,82,033.52
RECLTD| "Issued Capital (Shares)"| "2,63,32,24,000"| Total Market Cap (₹ Lakhs)| 71,30,770.59| Free Float Market Cap (₹ Lakhs)| 33,51,462.18
RELIANCE| "Issued Capital (Shares)"| "6,76,56,20,988"| Total Market Cap (₹ Lakhs)| 16,73,17,189.84| Free Float Market Cap (₹ Lakhs)| 8,36,58,594.92
SBICARD| "Issued Capital (Shares)"| "94,66,03,559"| Total Market Cap (₹ Lakhs)| 80,55,596.29| Free Float Market Cap (₹ Lakhs)| 24,97,234.85
SBILIFE| "Issued Capital (Shares)"| "1,00,10,40,042"| Total Market Cap (₹ Lakhs)| 1,34,63,988.56| Free Float Market Cap (₹ Lakhs)| 60,58,794.85
SHREECEM| "Issued Capital (Shares)"| "3,60,80,748"| Total Market Cap (₹ Lakhs)| 92,81,790.46| Free Float Market Cap (₹ Lakhs)| 34,34,262.47
SRTRANSFIN| Total Market Cap (₹ Lakhs)| -| Free Float Market Cap (₹ Lakhs)| -
SIEMENS| Total Market Cap (₹ Lakhs)| -| Free Float Market Cap (₹ Lakhs)| -
SRF| "Issued Capital (Shares)"| "29,64,24,825"| Total Market Cap (₹ Lakhs)| 72,20,908.74| Free Float Market Cap (₹ Lakhs)| 35,38,245.28
SBIN| "Issued Capital (Shares)"| "8,92,46,11,934"| Total Market Cap (₹ Lakhs)| 5,27,66,768.06| Free Float Market Cap (₹ Lakhs)| 2,26,89,710.27
SAIL| Total Market Cap (₹ Lakhs)| -| Free Float Market Cap (₹ Lakhs)| -
SUNPHARMA| "Issued Capital (Shares)"| "2,39,93,34,970"| Total Market Cap (₹ Lakhs)| 2,73,09,230.63| Free Float Market Cap (₹ Lakhs)| 1,22,89,153.78
SUNTV| "Issued Capital (Shares)"| "39,40,84,620"| Total Market Cap (₹ Lakhs)| 24,25,393.79| Free Float Market Cap (₹ Lakhs)| 5,09,332.70
SYNGENE| "Issued Capital (Shares)"| "40,20,15,000"| Total Market Cap (₹ Lakhs)| 33,76,523.99| Free Float Market Cap (₹ Lakhs)| 14,85,670.55
TATACHEM| "Issued Capital (Shares)"| "25,47,56,278"| Total Market Cap (₹ Lakhs)| 27,64,105.62| Free Float Market Cap (₹ Lakhs)| 16,86,104.43
TATACOMM| "Issued Capital (Shares)"| "28,50,00,000"| Total Market Cap (₹ Lakhs)| 55,11,900.00| Free Float Market Cap (₹ Lakhs)| 22,59,879.00
TCS| Total Market Cap (₹ Lakhs)| -| Free Float Market Cap (₹ Lakhs)| -
TATACONSUM| "Issued Capital (Shares)"| "92,90,11,650"| Total Market Cap (₹ Lakhs)| 80,17,370.54| Free Float Market Cap (₹ Lakhs)| 51,31,117.15
TATAMOTORS| Total Market Cap (₹ Lakhs)| -| Free Float Market Cap (₹ Lakhs)| -
TATAPOWER| "Issued Capital (Shares)"| "3,19,53,39,547"| Total Market Cap (₹ Lakhs)| 86,91,323.57| Free Float Market Cap (₹ Lakhs)| 39,11,095.61
TATASTEEL| "Issued Capital (Shares)"| "12,22,15,32,630"| Total Market Cap (₹ Lakhs)| 1,60,22,429.28| Free Float Market Cap (₹ Lakhs)| 1,05,74,803.32
TECHM| "Issued Capital (Shares)"| "97,49,42,954"| Total Market Cap (₹ Lakhs)| 1,23,33,028.37| Free Float Market Cap (₹ Lakhs)| 78,93,138.16
FEDERALBNK| "Issued Capital (Shares)"| "2,35,09,79,693"| Total Market Cap (₹ Lakhs)| 35,02,959.74| Free Float Market Cap (₹ Lakhs)| 35,02,959.74
INDIACEM| "Issued Capital (Shares)"| "30,98,97,201"| Total Market Cap (₹ Lakhs)| 7,74,123.21| Free Float Market Cap (₹ Lakhs)| 2,94,166.82
INDHOTEL| "Issued Capital (Shares)"| "1,42,04,00,342"| Total Market Cap (₹ Lakhs)| 61,15,533.67| Free Float Market Cap (₹ Lakhs)| 37,91,630.88
RAMCOCEM| "Issued Capital (Shares)"| "23,62,92,380"| Total Market Cap (₹ Lakhs)| 21,31,357.27| Free Float Market Cap (₹ Lakhs)| 11,50,932.92
TITAN| "Issued Capital (Shares)"| "88,77,86,160"| Total Market Cap (₹ Lakhs)| 2,84,80,180.01| Free Float Market Cap (₹ Lakhs)| 1,33,85,684.61
TORNTPHARM| "Issued Capital (Shares)"| "33,84,45,440"| Total Market Cap (₹ Lakhs)| 63,29,098.95| Free Float Market Cap (₹ Lakhs)| 17,08,856.72
TORNTPOWER| "Issued Capital (Shares)"| "48,06,16,784"| Total Market Cap (₹ Lakhs)| 34,53,231.59| Free Float Market Cap (₹ Lakhs)| 12,08,631.06
TRENT| "Issued Capital (Shares)"| "35,54,87,461"| Total Market Cap (₹ Lakhs)| 74,21,511.72| Free Float Market Cap (₹ Lakhs)| 46,01,337.27
TVSMOTOR| "Issued Capital (Shares)"| "47,50,87,114"| Total Market Cap (₹ Lakhs)| 70,78,798.00| Free Float Market Cap (₹ Lakhs)| 34,68,611.02
ULTRACEMCO| "Issued Capital (Shares)"| "28,86,86,345"| Total Market Cap (₹ Lakhs)| 2,44,48,846.56| Free Float Market Cap (₹ Lakhs)| 97,79,538.62
UBL| "Issued Capital (Shares)"| "26,44,05,149"| Total Market Cap (₹ Lakhs)| 43,83,837.37| Free Float Market Cap (₹ Lakhs)| 11,83,636.09
MCDOWELL-N| "Issued Capital (Shares)"| "72,73,50,853"| Total Market Cap (₹ Lakhs)| 77,50,650.69| Free Float Market Cap (₹ Lakhs)| 31,00,260.28
UPL| Total Market Cap (₹ Lakhs)| -| Free Float Market Cap (₹ Lakhs)| -
VEDL| Total Market Cap (₹ Lakhs)| -| Free Float Market Cap (₹ Lakhs)| -
IDEA| "Issued Capital (Shares)"| "48,67,96,89,205"| Total Market Cap (₹ Lakhs)| 54,52,125.19| Free Float Market Cap (₹ Lakhs)| 8,72,340.03
VOLTAS| Total Market Cap (₹ Lakhs)| 30,04,433.44| Free Float Market Cap (₹ Lakhs)| 20,73,059.07
WHIRLPOOL| "Issued Capital (Shares)"| "12,68,71,830"| Total Market Cap (₹ Lakhs)| 21,47,940.08| Free Float Market Cap (₹ Lakhs)| 5,36,985.02
WIPRO| "Issued Capital (Shares)"| "5,22,11,96,534"| Total Market Cap (₹ Lakhs)| 2,26,80,877.74| Free Float Market Cap (₹ Lakhs)| 61,23,836.99
ZEEL| "Issued Capital (Shares)"| "96,05,19,420"| Total Market Cap (₹ Lakhs)| 26,87,053.08| Free Float Market Cap (₹ Lakhs)| 25,79,570.95
ZYDUSLIFE| "Issued Capital (Shares)"| "1,01,22,04,139"| Total Market Cap (₹ Lakhs)| 63,57,654.20| Free Float Market Cap (₹ Lakhs)| 15,89,413.55
