Stock, Issued Shares, Total Market Cap In Lacs, FreeFloatMarketCap in lacs,LTP -Sep11-23,SharesForTrading,PercentForTrading
AARTIIND,362504035,1871608.33,1029384.58,516.30,199377219,55.00
ABB,211908375,9790166.93,2447541.73,4620.00,52977093.7,25.00
ABBOTINDIA,13675240,3149277.86,787319.46,23029.05,3418809.978,25.00
ABCAPITAL,2598603153,4941243.90,1334135.85,190.15,701622849.7,27.00
ABFRL,948967213,2216787.41,775875.59,233.60,332138523.1,35.00
ACC,187787263,3855272.51,1657767.18,2053.00,80748523.12,43.00
ADANIENT,1140001121,29776829.28,8039743.91,2612.00,307800302.8,27.00
ADANIPORTS,2160138945,19085907.65,7443503.98,883.55,842454188.2,39.00
ALKEM,119565000,4352166.00,1784388.06,3640.00,49021650,41.00
AMARAJABAT,170812500,1126508.44,653374.89,659.50,99071249.21,58.00
AMBUJACEM,1985645229,8936396.35,3306466.65,450.05,734688734.8,37.00
APOLLOHOSP,143784657,7324965.57,5127475.90,5094.40,100649259.9,70.00
APOLLOTYRE,635100946,2438152.53,1267839.32,383.90,330252493.1,52.00
ASHOKLEY,2936127276,5418622.89,2658002.62,184.55,1440261511,49.05
ASIANPAINT,959197790,31327879.42,14726808.27,3266.05,450905781.3,47.01
ASTRAL,268619291,5165548.97,2272841.55,1923.00,118192488.2,44.00
ATUL,29513755,2232715.57,1205666.41,7565.00,15937427.73,54.00
AUBANK,668000028,4919820.21,3542270.55,736.50,480960020,72.00
AUROPHARMA,585938609,5088583.85,2442520.25,868.45,281250532.6,48.00
AXISBANK,3080901302,30901440.06,27502281.65,1003.00,2742002158,89.00
BAJAJ-AUTO,282957358,13610248.92,5444099.57,4810.00,113182943.2,40.00
BAJAJFINSV,1595488813,24730076.60,8408226.04,1550.00,542466196.2,34.00
BAJFINANCE,605918538,44777379.96,19702047.18,7390.00,266604156.7,44.00
BALKRISIND,193317190,4698767.62,1926494.72,2430.60,79260047.73,41.00
BALRAMCHIN,201749245,847346.83,482987.69,420.00,114997068.9,57.00
BANDHANBNK,1610864617,3914401.02,1800624.47,243.00,740997724.1,46.00
BANKBARODA,5171362179,10492693.86,3777369.79,202.90,1861690385,36.00
BATAINDIA,128527540,2173593.49,1088114.15,1691.15,64341669.95,50.06
BEL,7309778829,10569940.19,5179270.69,144.60,3581791624,49.00
BERGEPAINT,971422485,7013670.34,1683280.88,722.00,233141396.2,24.00
BHARATFORG,465588632,5186657.36,2852661.55,1114.00,256073747.8,55.00
BHARTIARTL,5592648369,49606791.03,22323055.96,887.00,2516691766,45.00
BHEL,3482063355,4874888.70,1803708.82,140.00,1288363442,37.00
BIOCON,1200600000,3310654.50,1226496.94,275.75,444785835,37.05
BOSCHLTD,29493640,5674266.65,1646850.24,19238.95,8559979.837,29.02
BPCL,2169252744,7878725.97,3466639.43,363.20,954471208.2,44.00
BRITANNIA,240868296,11005272.44,5392583.50,4569.00,118025465.1,49.00
BSOFT,275381945,1401694.10,826999.52,509.00,162475347.7,59.00
CANBK,1814130252,6530868.91,2416421.50,360.00,671228194.2,37.00
CANFINHOME,133154125,1009308.27,639723.02,758.00,84396176.57,63.38
CHAMBLFERT,416207852,1180781.68,448697.04,283.70,158158984.3,38.00
CHOLAFIN,822405157,9704380.85,4658102.81,1180.00,394754475.5,48.00
CIPLA,807310290,10074425.11,6548376.32,1247.90,524751688.4,65.00
COALINDIA,6162728327,17184767.94,6358364.14,278.85,2280209482,37.00
COFORGE,61121503,3370545.28,2325676.25,5514.50,42173837.19,69.00
COLPAL,271985634,5416049.93,2656130.11,1991.30,133386737.8,49.04
CONCOR,609294348,4472220.51,2012499.23,734.00,274182456.7,45.00
COROMANDEL,294360519,3308612.23,1323444.89,1124.00,117744207.4,40.00
CROMPTON,640097744,2011827.21,2010226.97,314.30,639588599.9,99.92
CUB,740416385,1002893.99,972807.17,135.45,718203893.2,97.00
CUMMINSIND,277200000,4775047.20,2349892.31,1722.60,136415436.5,49.21
DABUR,1772034671,10003135.72,3307467.27,564.50,585910942.3,33.06
DALBHARAT,187530361,4429092.07,1860218.67,2361.80,78762751.65,42.00
DEEPAKNTR,136393041,3183549.97,1591774.98,2334.10,68196520.29,50.00
DELTACORP,267771097,485736.77,321204.82,181.40,177069911.8,66.13
DIVISLAB,265468580,10009094.61,4816661.92,3770.35,127751055.4,48.12
DLF,2475315036,13176101.94,3282267.74,532.30,616619902.2,24.91
DRREDDY,166771481,9355880.08,6829792.46,5610.00,121743181.2,73.00
EICHERMOT,273749460,9319800.37,4659900.18,3404.50,136874729.9,50.00
EXIDEIND,850000000,2360450.00,1251038.50,277.70,450500000,53.00
FEDERALBNK,2350979693,3403043.11,3401867.62,144.75,2350167610,99.97
FSL,696990826,1137489.03,497428.41,163.20,304796819.3,43.73
GAIL,6575099643,8182711.51,3367042.78,124.45,2705538592,41.15
GLENMARK,282168156,2287678.32,1212469.51,810.75,149549122.7,53.00
GMRINFRA,6035945275,3887148.76,1593730.99,64.40,2474737560,41.00
GNFC,155418783,991261.00,566657.66,637.80,88845666.17,57.17
GODREJCP,1022758404,10574299.14,3912490.68,1033.90,378420609.3,37.00
GODREJPROP,278029098,4682010.01,1919624.10,1684.00,113991929.9,41.00
GRANULES,242042756,760014.25,425607.98,314.00,135543943.4,56.00
GRASIM,658448791,12214225.07,6839966.04,1855.00,368731323,56.00
GSPL,564211376,1627749.82,830152.41,288.50,287747802.4,51.00
GUJGASLTD,688390125,3167971.36,791992.84,460.20,172097531.3,25.00
HAL,334387500,13673104.88,3828469.37,4089.00,93628500.09,28.00
HAVELLS,626674350,9067664.51,3627065.80,1446.95,250669739.7,40.00
HCLTECH,2713665096,34702349.25,13533916.21,1278.80,1058329388,39.00
HDFCAMC,213484000,5676539.56,2100319.64,2659.00,78989080.11,37.00
HDFCBANK,7573751099,123168127.25,121977685.05,1626.25,7500549426,99.03
HDFCLIFE,2149963994,14353159.62,7176579.81,667.60,1074981997,50.00
HINDALCO,2247216523,10878775.19,7071203.87,484.10,1460690739,65.00
HINDCOPPER,967024020,1617347.67,549898.21,167.25,328788168.1,34.00
HINDUNILVR,2349591262,59644374.19,22664862.19,2538.50,892844679.5,38.00
HONAUT,8841523,3497264.42,874316.11,39555.00,2210380.763,25.00
IBULHSGFIN,471596630,857834.27,733478.95,181.90,403231968.1,85.50
ICICIBANK,7000978399,68893666.67,68890165.97,984.06,7000622658,99.99
ICICIGI,491385853,6718964.46,3478658.04,1367.35,254408749.8,51.77
ICICIPRULI,1439546976,8306186.05,2242670.23,577.00,388677682.9,27.00
IDEA,48679689205,5452125.19,872340.03,11.20,7788750269,16.00
IDFC,1599984436,2075179.81,1722399.25,129.70,1327987088,83.00
IDFCFIRSTB,6658360987,6425318.35,3019899.63,96.50,3129429670,47.00
IEX,891692735,1226969.20,1047092.49,137.60,760968381.4,85.34
IGL,700000800,3347403.83,1673701.91,478.20,350000399,50.00
INDHOTEL,1420400342,6115533.67,3791630.88,430.55,880648213.1,62.00
INDIACEM,309897201,774123.21,294166.82,249.80,117760936.5,38.00
INDIAMART,61229148,1920758.37,959766.89,3137.00,30595055.51,49.97
INDIGO,385791619,9633216.73,3082629.35,2497.00,123453317.9,32.00
INDUSINDBK,776507028,11259351.91,9457855.60,1450.00,652265903.2,84.00
INDUSTOWER,2694936950,5160804.26,1238593.02,191.50,646784866.7,24.00
INFY,4150357852,61217778.32,52647289.35,1475.00,3569307752,86.00
INTELLECT,136468985,971590.94,621818.20,711.95,87340150.18,64.00
IOC,14121238383,13422237.08,3489781.64,95.05,3671521979,26.00
IPCALAB,253704218,2283337.96,1210169.12,900.00,134463235.7,53.00
IRCTC,800000000,5736000.00,2179680.00,717.00,304000000,38.00
ITC,12470237312,55860428.04,39660903.91,447.95,8853868492,71.00
JINDALSTEL,1020088097,7270167.87,2617260.43,712.70,367231714.5,36.00
JKCEMENT,77268251,2556806.43,1099426.76,3309.00,33225347.78,43.00
JSWSTEEL,2445453966,20146872.50,7839636.32,823.85,951585400.2,38.91
JUBLFOOD,659845200,3536440.35,2044629.33,535.95,381496283.2,57.82
KOTAKBANK,1987451085,35962927.38,26612566.26,1809.50,1470713803,74.00
LALPATHLAB,83469852,1852655.10,759588.59,2219.55,34222639.27,41.00
LAURUSLABS,538650925,2192309.26,1600385.76,407.00,393215175.3,73.00
LICHSGFIN,550063000,2506912.12,1379558.00,455.75,302700603.7,55.03
LT,1405648717,40714615.09,35014568.98,2896.50,1208857897,86.00
LTTS,105683308,4900534.99,1274139.10,4637.00,27477660.14,26.00
LUPIN,455209934,5142051.41,2725287.25,1129.60,241261265.3,53.00
MANAPPURAM,846394729,1259012.16,818357.90,148.75,550156571.2,65.00
MARICO,1293484698,7549423.44,3019769.38,583.65,517393879.9,40.00
MARUTI,302080060,31839238.32,14009264.86,10540.00,132915226.4,44.00
MCDOWELL-N,727350853,7750650.69,3100260.28,1065.60,290940341.6,40.00
MCX,50998369,906241.02,905731.03,1777.00,50969669.51,99.94
METROPOLIS,51220706,727334.03,363667.01,1420.00,25610352.65,50.00
MFSL,345114771,3295328.39,2240823.31,954.85,234678044.8,68.00
MGL,98777778,1039142.22,592311.07,1052.00,56303333.9,57.00
MOTHERSON,6776421366,6857738.42,2400208.45,101.20,2371747481,35.00
MPHASIS,188559854,4668741.99,2054246.47,2476.00,82966335.53,44.00
MRF,4241143,4636065.51,2228557.45,109311.70,2038718.135,48.07
MUTHOOTFIN,401448891,5198763.14,1403666.05,1295.00,108391200.7,27.00
NATIONALUM,1836631787,1865099.58,913898.79,101.55,899949571.5,49.00
NAUKRI,129184120,5821811.55,3493086.93,4506.60,77510472,60.00
NAVINFLUOR,49555040,2327104.68,1630118.00,4696.00,34712904.58,70.05
NESTLEIND,96415716,21356081.09,7901750.00,22150.00,35673814.91,37.00
NMDC,2930605850,4228864.24,1649257.05,144.30,1142936279,39.00
NTPC,9696666134,23562898.71,11545820.37,243.00,4751366407,49.00
OBEROIRLTY,363602237,4344501.33,1390240.43,1194.85,116352716.2,32.00
OFSS,86539757,3800696.32,1026188.01,4391.85,23365734.47,27.00
ONGC,12580279206,23141423.60,7173841.32,183.95,3899886556,31.00
PAGEIND,11153874,4654098.93,2513213.42,41726.30,6023091.955,54.00
PEL,238663700,2600837.67,1446311.57,1089.75,132719575.2,55.61
PERSISTENT,76925000,4569191.15,3061358.07,5939.80,51539749.99,67.00
PETRONET,1500000088,3735000.22,1867500.11,249.00,750000044,50.00
PFC,2640081408,8116930.29,3571449.33,307.45,1161635820,44.00
PIDILITIND,508461540,12831026.96,3849308.09,2523.50,152538462.1,30.00
PIIND,151718118,5585654.23,2960396.74,3681.60,80410602.49,53.00
PNB,11011015558,7592095.23,2049865.71,68.95,2972974198,27.00
POLYCAB,149991305,7724552.21,2394611.18,5150.00,46497304.45,31.00
POWERGRID,9300603819,18424496.17,9025724.47,198.10,4556145617,48.99
RAIN,336345679,609458.37,353485.85,181.20,195080491.3,58.00
RAMCOCEM,236292380,2131357.27,1150932.92,902.00,127597884.6,54.00
RBLBANK,600685653,1395993.46,1382033.52,232.40,594678794.1,99.00
RECLTD,2633224000,7130770.59,3351462.18,270.80,1237615281,47.00
RELIANCE,6765620988,167317189.84,83658594.92,2473.05,3382810494,50.00
SBICARD,946603559,8055596.29,2497234.85,851.00,293447103.3,31.00
SBILIFE,1001040042,13463988.56,6058794.85,1345.00,450468018.8,45.00
SBIN,8924611934,52766768.06,22689710.27,591.25,3837583132,43.00
SHREECEM,36080748,9281790.46,3434262.47,25725.05,13349876.76,37.00
SRF,296424825,7220908.74,3538245.28,2436.00,145248164.1,49.00
SUNPHARMA,2399334970,27309230.63,12289153.78,1138.20,1079700736,45.00
SUNTV,394084620,2425393.79,509332.70,615.45,82757770.87,21.00
SYNGENE,402015000,3376523.99,1485670.55,839.90,176886599.3,44.00
TATACHEM,254756278,2764105.62,1686104.43,1085.00,155401329.7,61.00
TATACOMM,285000000,5511900.00,2259879.00,1934.00,116850000,41.00
TATACONSUM,929011650,8017370.54,5131117.15,863.00,594567456.5,64.00
TATAMOTORS,3321861782,21092161.38,11178845.53,634.95,1760586744,53.00
TATAPOWER,3195339547,8691323.57,3911095.61,272.00,1437902797,45.00
TATASTEEL,12221532630,16022429.28,10574803.32,131.10,8066211532,66.00
TECHM,974942954,12333028.37,7893138.16,1265.00,623963490.8,64.00
TITAN,887786160,28480180.01,13385684.61,3208.00,417259495.4,47.00
TORNTPHARM,338445440,6329098.95,1708856.72,1870.05,91380268.99,27.00
TORNTPOWER,480616784,3453231.59,1208631.06,718.50,168215874.9,35.00
TRENT,355487461,7421511.72,4601337.27,2087.70,220402226,62.00
TVSMOTOR,475087114,7078798.00,3468611.02,1490.00,232792685.9,49.00
UBL,264405149,4383837.37,1183636.09,1658.00,71389390.24,27.00
ULTRACEMCO,288686345,24448846.56,9779538.62,8469.00,115474538,40.00
VOLTAS,330884740,2997815.74,2069748.57,906.00,228449069.9,69.04
WHIRLPOOL,126871830,2147940.08,536985.02,1693.00,31717957.5,25.00
WIPRO,5221196534,22680877.74,6123836.99,434.40,1409723064,27.00
ZEEL,960519420,2687053.08,2579570.95,279.75,922098640.8,96.00
ZYDUSLIFE,1012204139,6357654.20,1589413.55,628.10,253051034.8,25.00
HEROMOTOCO,199868978,6056529.71,3928559.67,3030.25,129644737.8,64.86
HINDPETRO,1418548345,3579706.75,1609272.17,252.35,637714352.8,44.96
SAIL,4130525289,3911607.45,1371953.97,94.70,1448737032,35.07
DIXON,59560165,2994625.54,1858569.59,5027.90,36965126.35,62.06
VEDL,3717206239,8586746.41,2747758.85,231.00,1189505996,32.00
TCS,3659051373,130723269.4,36602515.42,3572.60,1024534384,28.00
ESCORTS,110498261,3425446.09,1027633.83,3100.00,33149478.4,30.00
LTIM,295905490,16274801.95,5045188.6,5500.00,91730701.82,31.00
M&M,1243528831,19308272.16,13901955.95,1552.70,895340758,72.00
M&MFIN,1235529920,3613307.25,1734387.48,292.45,593054361.6,48.00
PVRINOX,98007780,1734492.69,1231489.81,1769.75,69585523.81,71.00
SIEMENS,356120255,13710629.82,3427657.45,3850.00,89030063.62,25.00
UPL,750607641,4540425.62,3042085.17,604.90,502907120.2,67.00
SHRIRAMFIN,375220393,7106674.24,5045738.71,1894.00,266406479,71.00
L&TFH,2483069511,3151015.21,945304.56,126.90,744920850.9,30.00